"nome_arquivo","latitude","longitude"
"3RS0001",-32.9539,-53.1189
"3RS0002",-32.9444,-52.7733
"3RS0003",-32.4044,-52.5558
"3RS0004",-32.3494,-52.5397
"3RS0005",-32.2372,-53.0897
,-32.03,-52.0792
"3RS0007",-32.0286,-53.3978
"3RS0008",-32.0061,-52.6528
"3RS0009",-31.8797,-52.8103
"3RS0010",-31.8689,-54.1639
"3RS0011",-31.8656,-53.2744
"3RS0012",-31.7375,-53.0539
"3RS0013",-31.7333,-53.5881
"3RS0014",-31.6728,-52.1778
"3RS0015",-31.6694,-52.7728
"3RS0016",-31.5775,-53.3769
"3RS0017",-31.5739,-52.4631
"3RS0018",-31.5339,-54.2947
,-31.4375,-54.7117
"3RS0020",-31.4308,-53.1078
"3RS0021",-31.4044,-52.6733
"3RS0022",-31.3675,-51.9867
"3RS0023",-31.3142,-53.4994
"3RS0024",-31.29,-51.0956
"3RS0025",-31.2839,-52.0831
"3RS0026",-31.2753,-55.0372
"3RS0027",-31.2269,-53.9014
"3RS0028",-31.1342,-53.0539
"3RS0029",-31.1303,-51.7886
"3RS0030",-31.0283,-54.1789
"3RS0031",-31.0006,-52.0492
"3RS0032",-30.9781,-54.6758
"3RS0033",-30.9689,-53.965
,-30.9611,-53.4886
"3RS0035",-30.9342,-52.9428
"3RS0036",-30.9064,-52.4622
"3RS0037",-30.8753,-52.2558
"3RS0038",-30.8658,-51.7958
"3RS0039",-30.8175,-53.9014
"3RS0040",-30.7917,-55.1792
"3RS0041",-30.7744,-54.2247
"3RS0042",-30.7719,-51.6603
"3RS0043",-30.7503,-55.9514
"3RS0044",-30.7031,-52.0647
"3RS0045",-30.6956,-55.9744
"3RS0046",-30.6683,-50.5408
"3RS0047",-30.6253,-52.84
"3RS0048",-30.5939,-51.7567
"3RS0049",-30.5256,-56.1722
"3RS0050",-30.5194,-53.4917
"3RS0051",-30.5164,-55.1267
"3RS0052",-30.5144,-54.7703
"3RS0053",-30.4872,-53.1183
"3RS0054",-30.4353,-53.7125
"3RS0055",-30.4189,-52.0736
"3RS0056",-30.3575,-54.3181
"3RS0057",-30.295,-51.3144
"3RS0058",-30.2939,-55.9756
"3RS0059",-30.2514,-50.5058
"3RS0060",-30.2469,-54.9175
"3RS0061",-30.2325,-53.9933
"3RS0062",-30.2133,-57.5533
"3RS0063",-30.2042,-55.4906
"3RS0064",-30.1983,-52.3725
"3RS0065",-30.1936,-53.5644
"3RS0066",-30.1589,-51.9311
"3RS0067",-30.1406,-53.1589
,-30.0897,-51.6306
"3RS0069",-30.0686,-56.1703
"3RS0070",-30.0536,-51.1733
"3RS0071",-30.0467,-50.7019
"3RS0072",-30.0294,-55.0936
"3RS0073",-30.0189,-56.8214
,-30.0089,-53.015
"3RS0075",-29.9897,-54.4886
"3RS0076",-29.9608,-50.5994
"3RS0077",-29.9514,-51.6283
"5RS0078",-29.8828,-50.7889
"3RS0079",-29.8786,-54.8253
,-29.8508,-50.9103
"3RS0081",-29.8317,-50.5486
"3RS0082",-29.82,-51.1611
"5RS0083",-29.8178,-50.5214
,-29.8167,-50.7425
"3RS0085",-29.8117,-51.3869
"3RS0086",-29.7844,-55.7739
"3RS0087",-29.7653,-56.5214
"5RS0088",-29.7128,-52.89
"3RS0089",-29.6853,-55.1981
"5RS0090",-29.6694,-52.7903
"5RS0091",-29.6592,-50.5728
"3RS0092",-29.6533,-54.4314
"3RS0093",-29.6358,-56.0947
"5RS0094",-29.6244,-53.3519
"3RS0095",-29.5939,-55.4858
"5RS0096",-29.5911,-50.0336
"5RS0097",-29.5069,-54.6775
"3RS0098",-29.4711,-56.6678
"3RS0099",-29.4592,-55.2911
"5RS0100",-29.3761,-50.1803
"5RS0101",-29.3664,-51.3711
"5RS0102",-29.3661,-54.7356
"5RS0103",-29.3589,-54.5019
"3RS0104",-29.3514,-54.0669
"5RS0105",-29.335,-51.1903
"3RS0106",-29.3089,-56.0553
"3RS0107",-29.3078,-55.7089
"5RS0108",-29.2769,-50.3106
"3RS0109",-29.2517,-54.5983
,-29.2481,-50.0692
,-29.2378,-51.8594
"3RS0112",-29.1961,-55.4753
"5SC0113",-29.1958,-49.9633
"5RS0114",-29.1942,-52.9522
"3RS0115",-29.1867,-54.8558
"5RS0116",-29.1664,-51.8681
"3RS0117",-29.1275,-56.5625
"5RS0118",-29.1083,-50.1869
"5RS0119",-29.0944,-50.6275
"5RS0120",-29.0944,-50.6275
"3RS0121",-29.0856,-53.8192
"5RS0122",-29.0853,-52.5847
"5RS0123",-29.0722,-50.9739
"3RS0124",-29.0481,-54.5708
,-29.0475,-55.1511
"5SC0126",-29.0458,-49.6067
"3RS0127",-28.9897,-55.6742
"5SC0128",-28.9583,-49.6014
"5RS0129",-28.9286,-52.1275
"3RS0130",-28.9053,-54.065
"3RS0131",-28.8975,-56.085
"5RS0132",-28.8775,-51.4483
"5RS0133",-28.8675,-50.4561
"5SC0134",-28.8536,-49.5897
"5RS0135",-28.8533,-51.2844
"5RS0136",-28.8444,-51.8792
"5SC0137",-28.835,-49.8378
"5SC0138",-28.8322,-49.6367
"3RS0139",-28.8272,-53.5022
"3RS0140",-28.8264,-53.5022
"5RS0141",-28.8039,-52.3817
"3RS0142",-28.7878,-54.4525
,-28.7739,-55.2572
"5RS0144",-28.7561,-51.6283
"5SC0145",-28.7506,-49.4731
"3RS0146",-28.7336,-54.6478
"5RS0147",-28.7289,-53.1853
"5SC0148",-28.7217,-49.3033
"3RS0149",-28.6781,-55.5811
"5RS0150",-28.6736,-51.1428
,-28.6664,-55.9797
"5RS0152",-28.6578,-53.6058
"5RS0153",-28.6194,-51.8667
"5SC0154",-28.6122,-49.5511
"5SC0155",-28.6067,-49.0331
"5RS0156",-28.5719,-51.9731
"3RS0157",-28.4925,-55.2308
"5SC0158",-28.4722,-48.9911
"5RS0159",-28.4667,-52.3667
,-28.4561,-53.9717
"5RS0161",-28.4553,-52.8158
"5RS0162",-28.4531,-52.1975
,-28.4494,-50.2964
"5SC0164",-28.4344,-49.1825
"5SC0165",-28.4197,-49.1069
"5RS0166",-28.3911,-51.8489
"5RS0167",-28.3911,-51.8489
"5SC0168",-28.3692,-49.8078
"5SC0169",-28.3589,-49.295
"5SC0170",-28.3397,-49.6214
"5SC0171",-28.3258,-49.1792
"5RS0172",-28.2933,-52.555
"5RS0173",-28.2933,-52.7242
"5RS0174",-28.2894,-53.7794
"5SC0175",-28.2706,-48.6975
,-28.2617,-49.0122
"5RS0177",-28.2558,-51.8622
"5SC0178",-28.2389,-49.1628
"5RS0179",-28.2256,-53.4703
"5RS0180",-28.2111,-54.6031
,-28.2108,-50.7586
"5SC0182",-28.2094,-49.195
"3RS0183",-28.2089,-55.3233
"5RS0184",-28.1892,-52.7458
"3RS0185",-28.1878,-55.6369
"5SC0186",-28.1656,-48.9711
"5SC0187",-28.1522,-50.4408
,-28.1111,-53.9931
"5SC0189",-28.1036,-48.9194
"5RS0190",-28.0592,-51.1881
"5RS0191",-28.0586,-53.0661
,-28.0575,-51.9961
"5RS0193",-28.0542,-54.3614
"5SC0194",-28.0322,-49.1186
"5SC0195",-28.0072,-49.5922
"5RS0196",-28.0058,-51.4544
"5SC0197",-27.9956,-49.1156
"5RS0198",-27.9828,-51.7836
"5RS0199",-27.9681,-54.1164
"5SC0200",-27.9592,-48.6756
"5SC0201",-27.9222,-50.0992
"5RS0202",-27.9133,-53.3108
"5SC0203",-27.9097,-49.1297
"5SC0204",-27.9008,-48.9278
"5RS0205",-27.8544,-55.0236
"5RS0206",-27.8542,-52.3047
"5RS0207",-27.8519,-53.7764
"5RS0208",-27.8117,-53.0278
"5SC0209",-27.8083,-50.3283
"5SC0210",-27.8042,-49.78
"5RS0211",-27.7819,-54.2411
"5SC0212",-27.7464,-49.945
"5SC0213",-27.7306,-49.3828
"5RS0214",-27.7125,-51.7378
"5SC0215",-27.7047,-48.8036
"5SC0216",-27.7039,-49.8472
"5SC0217",-27.6925,-48.7108
"5SC0218",-27.6922,-51.1294
"5SC0219",-27.6833,-49.3653
"5RS0220",-27.6786,-51.4547
"5SC0221",-27.6719,-49.0117
"5SC0222",-27.6617,-50.5783
"5RS0223",-27.6539,-54.4422
"5SC0224",-27.6006,-48.62
"5RS0225",-27.5992,-53.0714
"5RS0226",-27.5872,-52.0933
"5SC0227",-27.5417,-50.8569
"5SC0228",-27.5169,-48.7694
"5SC0229",-27.5075,-49.2875
"5SC0230",-27.5019,-49.5531
"5RS0231",-27.5008,-53.6925
"5SC0232",-27.4858,-48.9869
"5SC0233",-27.4819,-50.385
"5RS0234",-27.4647,-51.9031
"5RS0235",-27.4514,-53.925
,-27.4158,-48.9511
"5SC0237",-27.4114,-49.8314
"5SC0238",-27.3986,-49.6058
"5SC0239",-27.3978,-48.9803
"5SC0240",-27.3925,-49.3656
"5RS0241",-27.3889,-52.4544
"5RS0242",-27.3611,-53.3975
"5SC0243",-27.3453,-50.4358
"5SC0244",-27.3422,-51.6083
"5SC0245",-27.3339,-50.7533
"5SC0246",-27.3319,-49.3283
,-27.3194,-48.5636
"5SC0248",-27.3144,-51.9933
"5RS0249",-27.3019,-54.1394
"5SC0250",-27.2903,-49.7689
,-27.2864,-48.9331
"5SC0252",-27.2572,-49.9408
"5SC0253",-27.2056,-49.6317
"5SC0254",-27.1967,-49.0872
"5RS0255",-27.1889,-53.2533
"5SC0256",-27.1728,-51.7439
"5SC0257",-27.1717,-51.5003
"5SC0258",-27.1611,-50.4689
"5SC0259",-27.1458,-51.0389
"5SC0260",-27.1411,-50.2644
"5SC0261",-27.1208,-50.4567
"5SC0262",-27.1131,-49.9944
"5SC0263",-27.1008,-48.9181
"5SC0264",-27.0972,-50.0339
"5SC0265",-27.0644,-53.1569
"5SC0266",-27.0539,-49.5167
"5SC0267",-27.0511,-51.9122
"5SC0268",-27.0403,-49.3814
"5SC0269",-27.0381,-49.395
"5SC0270",-27.0342,-49.5897
"5SC0271",-27.0014,-53.5256
"5SC0272",-26.9683,-49.0742
"5SC0273",-26.9675,-50.4217
"5SC0274",-26.9525,-51.9281
"5SC0275",-26.9492,-49.2939
,-26.945,-50.1433
"5SC0277",-26.935,-53.7064
"5SC0278",-26.9289,-53.0075
"5SC0279",-26.9261,-49.8025
"5SC0280",-26.9206,-51.9281
"5SC0281",-26.9181,-49.0653
"5SC0282",-26.9136,-49.2675
"5SC0283",-26.9067,-51.4097
"5SC0284",-26.9017,-50.6592
"5SC0285",-26.895,-49.6722
"5SC0286",-26.8733,-51.7964
"5SC0287",-26.8297,-49.2719
"5SC0288",-26.8192,-52.7353
"5SC0289",-26.7967,-49.0836
"5SC0290",-26.7811,-49.365
"5SC0291",-26.7758,-51.2628
"5SC0292",-26.7753,-53.0464
"5SC0293",-26.7553,-52.3272
"5SC0294",-26.755,-48.6994
"5SC0295",-26.7408,-49.2706
"5SC0296",-26.7367,-49.1703
"5SC0297",-26.7361,-52.9003
"5SC0298",-26.7242,-48.9317
"5SC0299",-26.7172,-49.4831
"5SC0300",-26.7103,-50.2908
"5SC0301",-26.6975,-49.8281
"5SC0302",-26.6931,-50.1478
"5SC0303",-26.6828,-53.2867
"5PR0304",-26.6331,-51.3331
"5SC0305",-26.6208,-53.6817
"5SC0306",-26.6086,-51.8817
"5SC0307",-26.5989,-51.1167
"5SC0308",-26.5875,-50.7283
"5SC0309",-26.5836,-52.6403
,-26.5617,-48.7192
"5SC0311",-26.5561,-52.3308
"5SC0312",-26.5558,-50.6011
,-26.5461,-49.48
"5SC0314",-26.5306,-49.8436
,-26.4944,-49.0875
"5PR0316",-26.4833,-52
"5PR0317",-26.4833,-51.9833
"5PR0318",-26.4797,-51.4281
"5SC0319",-26.465,-53.4536
"5SC0320",-26.4642,-49.0867
"5SC0321",-26.4586,-49.9864
"5SC0322",-26.4483,-48.8303
"5SC0323",-26.4439,-53.0819
,-26.4392,-49.0628
"5PR0325",-26.4333,-51.5667
"5SC0326",-26.4239,-49.2925
"5SC0327",-26.4194,-49.5731
"5SC0328",-26.4097,-49.3311
"5SC0329",-26.4003,-52.8956
"5PR0330",-26.3867,-51.2719
"5SC0331",-26.3839,-50.8783
"5PR0332",-26.3833,-52
"5PR0333",-26.3781,-53.0447
"5SC0334",-26.3706,-50.2908
"5PR0335",-26.3667,-51.8667
"5SC0336",-26.3553,-53.2781
"5SC0337",-26.3514,-50.6456
"5PR0338",-26.35,-52.5667
"5SC0339",-26.3333,-53.2167
"5SC0340",-26.3328,-49.9272
"5SC0341",-26.3217,-48.8464
"5PR0342",-26.3167,-52.7167
"5PR0343",-26.2781,-52.2961
"5SC0344",-26.2692,-53.6275
"5PR0345",-26.2667,-52.8
,-26.2667,-51.9
,-26.2489,-48.9775
"5PR0348",-26.2333,-53.2
"5PR0349",-26.2333,-52.6833
"5PR0350",-26.2311,-52.5967
"5SC0351",-26.2281,-51.0803
"5PR0352",-26.2167,-53.4833
"5SC0353",-26.2158,-49.0806
"5SC0354",-26.2156,-49.6036
"5PR0355",-26.1906,-51.2978
"5SC0356",-26.1864,-49.2733
"5PR0357",-26.1833,-53.3833
"5SC0358",-26.18,-48.9394
"5PR0359",-26.1667,-51.2167
"5PR0360",-26.1547,-49.3806
"5PR0361",-26.1525,-53.0183
"5PR0362",-26.15,-51.2333
"5PR0363",-26.15,-51.4
"5PR0364",-26.1272,-52.1839
"5PR0365",-26.1167,-53.65
"5PR0366",-26.1167,-52.6833
"5PR0367",-26.1167,-52.4333
"5PR0368",-26.1167,-51.5667
"5PR0369",-26.1122,-53.4633
"5PR0370",-26.1,-49.8
"5PR0371",-26.1,-49.8
"5PR0372",-26.0833,-53.2
"5PR0373",-26.0833,-52.5167
"5SC0374",-26.0833,-50.3167
"5PR0375",-26.0717,-52.0925
"5PR0376",-26.0667,-53.73
"5PR0377",-26.0667,-51.9136
"5PR0378",-26.0644,-53.3622
"5PR0379",-26.0506,-52.8008
"5PR0380",-26.05,-51.2
"5SC0381",-26.0356,-48.85
"5PR0382",-26.0306,-51.1419
,-26.0294,-52.6283
"5PR0384",-26.0192,-50.5925
"5PR0385",-25.9833,-52.5667
"5PR0386",-25.9833,-49.6833
"5SC0387",-25.9833,-48.8833
"5PR0388",-25.9522,-50.6792
"5PR0389",-25.95,-53.6167
"5PR0390",-25.95,-53.8333
"5PR0391",-25.95,-50.5667
"5PR0392",-25.95,-49.3931
"5PR0393",-25.9439,-51.2622
"5PR0394",-25.9406,-52.825
"5PR0395",-25.9339,-52.7111
"5PR0396",-25.9333,-49.7833
"5PR0397",-25.9331,-53.1697
"5PR0398",-25.9167,-53.4833
"5PR0399",-25.9031,-51.1044
"5PR0400",-25.8875,-53.0825
"5PR0401",-25.8833,-48.5833
"5PR0402",-25.8756,-50.3894
"5PR0403",-25.855,-49.5258
"5PR0404",-25.85,-52.5167
"5PR0405",-25.85,-52.7333
"5PR0406",-25.85,-51.7667
"5PR0407",-25.8333,-53.75
"5PR0408",-25.8167,-52.4167
"5PR0409",-25.8167,-51.1
"5PR0410",-25.8167,-48.8
"5PR0411",-25.8128,-48.9236
"5PR0412",-25.8075,-51.2886
"5PR0413",-25.8,-52.0167
"5PR0414",-25.8,-51.85
"5PR0415",-25.8,-49.8828
"5PR0416",-25.7833,-49.7667
"5PR0417",-25.7833,-49.15
"5PR0418",-25.7767,-53.3108
,-25.7764,-49.3244
"5PR0420",-25.7739,-52.9328
"5PR0421",-25.7697,-53.6644
,-25.7331,-51.5167
"5PR0423",-25.7275,-52.5028
"5PR0424",-25.7167,-52.9167
"5PR0425",-25.7167,-52.3833
"5PR0426",-25.7167,-49.4333
"5PR0427",-25.7,-53.7667
"5PR0428",-25.7,-50.5167
"5PR0429",-25.6978,-52.1967
"5PR0430",-25.6972,-50.0131
"5PR0431",-25.6942,-51.2025
"5PR0432",-25.6831,-54.4331
"5PR0433",-25.6831,-53.4667
"5PR0434",-25.6822,-53.0167
"5PR0435",-25.6667,-53.6833
"5PR0436",-25.65,-51.6667
"5PR0437",-25.6297,-51.0878
,-25.6278,-54.4806
"5PR0439",-25.6219,-50.2003
"5PR0440",-25.6167,-50.7
,-25.5992,-49.51
"5PR0442",-25.5967,-48.6247
"5PR0443",-25.5831,-53.8667
"5PR0444",-25.5831,-53.9831
"5PR0445",-25.5783,-49.4278
"5PR0446",-25.5667,-53.9331
"5PR0447",-25.5667,-53.1333
"5PR0448",-25.5667,-51.25
"5PR0449",-25.5667,-51.0667
,-25.5511,-52.1069
"5PR0451",-25.55,-51.55
"5PR0452",-25.55,-49.8833
"5PR0453",-25.5419,-53.5067
"5PR0454",-25.5378,-49.3892
"5PR0455",-25.5333,-51.8167
"5PR0456",-25.5325,-51.4414
"5PR0457",-25.5192,-49.1467
"5PR0458",-25.5167,-52.4
"5PR0459",-25.4953,-50.0764
"5PR0460",-25.4925,-48.9939
"5PR0461",-25.4897,-52.5322
"5PR0462",-25.4833,-53.6167
"5PR0463",-25.4831,-52.2167
"5PR0464",-25.475,-50.2981
"5PR0465",-25.4667,-50.9833
"5PR0466",-25.4667,-50.7833
"5PR0467",-25.4667,-49.5667
"5PR0468",-25.4667,-48.8333
,-25.45,-54.3167
"5PR0470",-25.45,-51.45
"5PR0471",-25.45,-50.5833
"5PR0472",-25.45,-49.25
"5PR0473",-25.45,-49.0667
"5PR0474",-25.4494,-49.3564
"5PR0475",-25.4483,-52.9044
"5PR0476",-25.4408,-54.4031
"5PR0477",-25.4333,-49.8167
"5PR0478",-25.4333,-49.2667
"5PR0479",-25.4333,-48.7667
"5PR0480",-25.4222,-52.8367
"5PR0481",-25.4181,-49.3869
"5PR0482",-25.4167,-53.1833
"5PR0483",-25.4167,-52.4167
"5PR0484",-25.4133,-54.0372
"5PR0485",-25.4,-53.5667
"5PR0486",-25.4,-52.4167
"5PR0487",-25.3953,-53.1044
"5PR0488",-25.3944,-53.3847
,-25.3928,-52.9644
"5PR0490",-25.3856,-52.77
"5PR0491",-25.3831,-48.8667
"5PR0492",-25.3806,-52.2006
"5PR0493",-25.3797,-51.0828
"5PR0494",-25.3667,-52.1167
"5PR0495",-25.3667,-50.4667
"5PR0496",-25.3519,-49.3447
"5PR0497",-25.35,-53.55
"5PR0498",-25.35,-49.5167
"5PR0499",-25.3458,-54.2442
"5PR0500",-25.3333,-50.7667
"5PR0501",-25.3167,-50
"5PR0502",-25.3167,-49.3
"5PR0503",-25.3069,-54.4125
"5PR0504",-25.3064,-53.8731
"5PR0505",-25.3,-52.5333
"5PR0506",-25.3,-51.4333
"5PR0507",-25.2911,-49.5183
"5PR0508",-25.2875,-49.2306
"5PR0509",-25.2833,-51.1
"5PR0510",-25.2667,-51.25
"5PR0511",-25.2667,-48.3
"5PR0512",-25.25,-51.55
"5PR0513",-25.25,-49.15
"5PR0514",-25.25,-49.3
"5PR0515",-25.24,-53.9753
"5PR0516",-25.2375,-50.6006
"5PR0517",-25.2372,-50.9608
,-25.2333,-49.6333
"5PR0519",-25.2333,-48.75
"5PR0520",-25.2331,-48.4167
"5PR0521",-25.2225,-52.4311
"5PR0522",-25.2167,-53.05
"5PR0523",-25.2114,-52.6517
"5PR0524",-25.2,-53.1333
"5PR0525",-25.2,-50.8
"5PR0526",-25.2,-49.1167
,-25.2,-48.4667
"5PR0528",-25.1997,-51.9908
"5PR0529",-25.1697,-48.8794
"5PR0530",-25.1667,-53.3667
"5PR0531",-25.15,-53.6167
"5PR0532",-25.15,-51.0667
"5PR0533",-25.15,-50.9833
"5PR0534",-25.1333,-50.15
"5PR0535",-25.1333,-49.9
"5PR0536",-25.1331,-53.3167
"5PR0537",-25.1331,-53.85
"5PR0538",-25.1331,-49.55
"5PR0539",-25.1122,-52.2583
"5PR0540",-25.1094,-54.3997
"5PR0541",-25.1092,-51.8064
"5PR0542",-25.1,-53.0667
"5PR0543",-25.0872,-54.2481
"5PR0544",-25.0833,-52.8833
"5PR0545",-25.0833,-48.8333
"5PR0546",-25.0833,-48.6
"5PR0547",-25.0831,-48.2167
"5PR0548",-25.0756,-50.3889
"5PR0549",-25.0667,-48.5667
"5PR0550",-25.0661,-53.8822
"5PR0551",-25.0653,-49.1236
"5PR0552",-25.0453,-54.0556
"5PR0553",-25.0406,-51.5442
"5PR0554",-25.0333,-50.7833
"5PR0555",-25.0167,-50.85
"5PR0556",-25.0167,-50.85
"5PR0557",-25,-49.65
"5PR0558",-24.9831,-50.2667
"5PR0559",-24.9772,-54
"5PR0560",-24.9667,-49.4667
"5PR0561",-24.9667,-49.0831
"5PR0562",-24.9628,-53.2439
"5PR0563",-24.9575,-50.8917
"5PR0564",-24.95,-50.3833
"5PR0565",-24.95,-50
"5PR0566",-24.95,-49.3
"5PR0567",-24.9472,-52.5978
"5PR0568",-24.9375,-49.8242
"5PR0569",-24.9333,-51.6333
"5PR0570",-24.9333,-51.8833
"5SP0571",-24.9333,-47.95
"5PR0572",-24.9167,-51.3667
"5PR0573",-24.9083,-51.6578
"5PR0574",-24.9061,-54.2014
"5PR0575",-24.8858,-52.4739
"5PR0576",-24.8844,-52.2028
"5PR0577",-24.8831,-53.0667
,-24.8667,-50.65
"5PR0579",-24.8592,-51.0089
"5PR0580",-24.85,-52.75
"5PR0581",-24.85,-49.4667
"5PR0582",-24.8433,-49.2733
"5PR0583",-24.8333,-51.15
"5PR0584",-24.8331,-51.2831
"5PR0585",-24.8,-53.3
"5PR0586",-24.8,-52.7
"5PR0587",-24.8,-49.2833
"5SP0588",-24.8,-47.8667
"5PR0589",-24.7792,-51.9544
"5PR0590",-24.7789,-54.2394
"5PR0591",-24.7753,-53.9017
"5PR0592",-24.7744,-49.7
"5PR0593",-24.7722,-53.6425
"5PR0594",-24.7667,-50.0667
"5PR0595",-24.7592,-51.6219
"5PR0596",-24.7564,-48.9681
"5PR0597",-24.75,-51.7667
"5PR0598",-24.75,-49.3333
,-24.75,-48.4831
"5SP0600",-24.75,-48.5
"5PR0601",-24.7489,-52.7019
"5PR0602",-24.7333,-53.7167
"5PR0603",-24.7167,-53.85
"5PR0604",-24.7167,-48.75
"5SP0605",-24.7167,-48.1167
"5SP0606",-24.7167,-47.8833
"5SP0607",-24.7,-47.5667
"5PR0608",-24.6925,-54.2325
"5SP0609",-24.6833,-47.9997
"5PR0610",-24.6831,-50.3
"5PR0611",-24.6689,-50.935
,-24.6556,-48.9997
,-24.65,-50.85
"5PR0614",-24.6481,-54.2983
"5PR0615",-24.6411,-51.7581
"5PR0616",-24.6333,-53.1
"1PR0617",-24.6331,-50.1331
"5PR0618",-24.6331,-49.6831
"5PR0619",-24.6211,-52.9347
"5PR0620",-24.62,-53.9261
"5PR0621",-24.6167,-51.2667
"5PR0622",-24.6167,-51.8333
"5SP0623",-24.6167,-49.05
,-24.6111,-53.6142
"5PR0625",-24.6,-52.2667
"5SP0626",-24.6,-48.2167
"5SP0627",-24.6,-47.8833
"5PR0628",-24.5997,-52.8042
"5SP0629",-24.5886,-48.5911
"5PR0630",-24.5731,-53.38
"5PR0631",-24.5694,-51.1531
,-24.5669,-49.4194
"5SP0633",-24.5667,-49.1667
"5PR0634",-24.565,-51.3314
"5PR0635",-24.55,-54.2167
"5SP0636",-24.55,-48.6833
"5SP0637",-24.55,-48.4333
"5PR0638",-24.5333,-52.9833
"5SP0639",-24.5333,-47.5333
"5PR0640",-24.5292,-49.9289
"5PR0641",-24.5167,-53.1667
"5PR0642",-24.5167,-51.6667
"5SP0643",-24.5167,-48.85
"1PR0644",-24.5108,-50.4
"5PR0645",-24.5006,-52.2436
"5PR0646",-24.5003,-49.7264
"5PR0647",-24.5,-52.05
"5SP0648",-24.5,-47.85
,-24.4919,-50.8186
,-24.4833,-47.25
"5PR0651",-24.45,-54.1667
"5SP0652",-24.4333,-48.5833
"5PR0653",-24.4331,-52.55
"5PR0654",-24.4167,-53.8167
"5PR0655",-24.4167,-52.2
"5PR0656",-24.4167,-52.1
"5PR0657",-24.4167,-51.9333
"5PR0658",-24.4167,-50.9667
"5PR0659",-24.4,-53.15
"5PR0660",-24.3919,-53.9325
"5PR0661",-24.3831,-49.5831
"5PR0662",-24.3667,-51.5
"1PR0663",-24.3667,-50.1
"5PR0664",-24.3531,-51.6914
"5SP0665",-24.35,-47.7167
"5PR0666",-24.3444,-51.4239
"5PR0667",-24.3333,-50.6167
"5SP0668",-24.3333,-47.2
"5PR0669",-24.3331,-52.9331
"5SP0670",-24.3208,-47.6244
"5PR0671",-24.3167,-54.2167
"5PR0672",-24.3167,-52.65
"5PR0673",-24.3167,-51.3
"5SP0674",-24.3167,-47
"5PR0675",-24.2928,-52.0769
"5SP0676",-24.2889,-47.1772
"5SP0677",-24.2833,-47.2333
"5SP0678",-24.2833,-47.95
"5PR0679",-24.2831,-53.3167
"5PR0680",-24.2831,-52.2667
"5PR0681",-24.2831,-52.5167
,-24.2819,-47.4664
"5SP0683",-24.2667,-48.4167
"5SP0684",-24.2667,-48.9
"5SP0685",-24.2667,-47.1667
"1PR0686",-24.2642,-49.7317
"1PR0687",-24.2586,-50.0839
"5PR0688",-24.25,-51.5333
"5PR0689",-24.25,-51.65
"5SP0690",-24.2497,-47.3831
"5PR0691",-24.2347,-52.4025
,-24.2333,-49.7
"5PR0693",-24.2167,-50.2331
"5SP0694",-24.2167,-48.7667
,-24.2108,-47.6083
"5PR0696",-24.2094,-50.9244
"5PR0697",-24.2,-53.3333
"5PR0698",-24.1983,-53.5256
,-24.1978,-47.4883
"5PR0700",-24.1933,-53.0319
"5PR0701",-24.1833,-51.4333
"5SP0702",-24.1833,-46.8
"5PR0703",-24.1667,-54.1
"5PR0704",-24.1667,-53.7333
"5SP0705",-24.1667,-47.65
"5SP0706",-24.15,-47.2833
"5PR0707",-24.1333,-52.7667
"5PR0708",-24.1144,-51.7342
"5PR0709",-24.1058,-51.4822
"1PR0710",-24.1,-49.4667
"5SP0711",-24.1,-47.6833
"5PR0712",-24.0906,-52.6214
"5SP0713",-24.0833,-46.6167
"5PR0714",-24.0831,-53.95
"5PR0715",-24.0667,-49.65
"5PR0716",-24.05,-52.3667
"5PR0717",-24.05,-51.6167
"1SP0718",-24.05,-49.1
"5SP0719",-24.05,-47.9997
"5SP0720",-24.05,-47.5833
"5PR0721",-24.0472,-52.3675
,-24.0333,-50.0833
"5SP0723",-24.0333,-46.55
"5PR0724",-24.0322,-50.6925
"5PR0725",-24.0167,-51.95
"5PR0726",-24.0167,-50.7
"5PR0727",-24.0147,-53.4397
"5SP0728",-23.9997,-46.2833
"5PR0729",-23.9944,-52.1961
"5PR0730",-23.9831,-53.1667
"5PR0731",-23.9831,-51.0831
"1SP0732",-23.9667,-48.95
"5SP0733",-23.9667,-47.5
"5SP0734",-23.9667,-46.3667
"5SP0735",-23.9631,-48.2811
"5PR0736",-23.95,-53.9667
"5PR0737",-23.95,-50.0167
"5SP0738",-23.95,-47.2167
"5SP0739",-23.95,-46.45
"5SP0740",-23.95,-46.1833
,-23.9414,-47.0675
"5PR0742",-23.9408,-51.5878
"5PR0743",-23.9167,-53.1331
"5PR0744",-23.9167,-50.25
"1PR0745",-23.9144,-49.65
"5PR0746",-23.9108,-52.3361
"5PR0747",-23.9067,-52.9547
"5PR0748",-23.9039,-50.5708
"5PR0749",-23.9006,-51.9525
"5PR0750",-23.8883,-50.1844
"5SP0751",-23.8833,-46.75
"5SP0752",-23.8833,-46.2167
,-23.8831,-48.7722
"5SP0754",-23.8667,-47.9997
"5PR0755",-23.8642,-51.8583
"5PR0756",-23.8503,-50.3911
"5PR0757",-23.85,-53.8831
"5PR0758",-23.8481,-52.0283
"5SP0759",-23.8333,-47.65
"5SP0760",-23.8333,-46.7333
"5PR0761",-23.8269,-51.2664
"5PR0762",-23.8192,-50.3289
"5PR0763",-23.8167,-52.1833
"5PR0764",-23.8167,-51.6667
"5PR0765",-23.8167,-50.1331
"5PR0766",-23.8,-52.3331
"5PR0767",-23.8,-52.6331
"5PR0768",-23.7969,-53.6756
,-23.7833,-46.9333
"5SP0770",-23.7833,-46.9167
"5SP0771",-23.7833,-45.35
"5PR0772",-23.7831,-52.25
,-23.7806,-50.8142
"5PR0774",-23.7778,-53.0822
"5PR0775",-23.7667,-49.95
"5SP0776",-23.7667,-46.1167
"5SP0777",-23.7667,-45.4167
"5PR0778",-23.7639,-51.4108
"5PR0779",-23.7639,-51.5069
"5PR0780",-23.7544,-49.6225
"5PR0781",-23.75,-51.0267
"5SP0782",-23.75,-47.4833
"5SP0783",-23.75,-46.1333
"5PR0784",-23.7342,-53.4864
"5SP0785",-23.7333,-47.9333
,-23.7333,-47.4167
"5PR0787",-23.7233,-49.5558
"5PR0788",-23.7167,-53.7131
"5SP0789",-23.7167,-47.1167
"5SP0790",-23.7167,-46.9667
"5SP0791",-23.7078,-49.4764
"5PR0792",-23.7,-51.7667
"5SP0793",-23.7,-46.45
"5PR0794",-23.6931,-53.9089
"5SP0795",-23.6833,-47.0167
"5MS0796",-23.6819,-54.5617
"5PR0797",-23.6747,-52.1172
"5PR0798",-23.6731,-52.3806
"5PR0799",-23.6681,-52.9761
"5SP0800",-23.6667,-46.5667
"5PR0801",-23.6628,-51.6025
"5SP0802",-23.6569,-46.0022
"5MS0803",-23.6503,-55.3919
"5PR0804",-23.65,-51.35
"5PR0805",-23.65,-51.9831
"5SP0806",-23.65,-47.2167
"5SP0807",-23.65,-47.5667
"5SP0808",-23.65,-46.3333
"5SP0809",-23.65,-46.6333
"5SP0810",-23.65,-46.7
"5SP0811",-23.65,-46.95
"5MS0812",-23.6403,-55.0192
"5SP0813",-23.6378,-47.5731
"5PR0814",-23.6372,-50.9231
"5SP0815",-23.6344,-45.9608
,-23.6339,-50.4744
"5SP0817",-23.6333,-45.4333
"5PR0818",-23.6311,-50.3097
"5PR0819",-23.6169,-52.1964
"5PR0820",-23.6167,-53.3667
"5SP0821",-23.6167,-46.55
"5PR0822",-23.6097,-51.86
"5PR0823",-23.6078,-53.2042
"5SP0824",-23.6,-46.3667
"1SP0825",-23.5928,-48.4914
"5SP0826",-23.5858,-46.2556
"1SP0827",-23.5833,-48.05
"5PR0828",-23.5831,-51.0692
,-23.5761,-46.0375
"5PR0830",-23.5667,-52.85
,-23.5667,-46.65
"5SP0832",-23.5667,-46.9333
,-23.5667,-45.45
"5SP0834",-23.5667,-45.9667
"5SP0835",-23.5639,-48.3897
"5SP0836",-23.5569,-45.2769
"5PR0837",-23.55,-50.4
"5SP0838",-23.55,-47.1833
"5SP0839",-23.55,-46.8667
"5PR0840",-23.5486,-53.3211
"5PR0841",-23.5456,-49.7469
"5SP0842",-23.5333,-49.2333
"5SP0843",-23.5333,-45.85
"5PR0844",-23.5308,-52.3808
"5PR0845",-23.5275,-53.4628
"5PR0846",-23.5264,-52.0536
"5PR0847",-23.5167,-51.2331
"5PR0848",-23.5167,-50.0331
"5SP0849",-23.5167,-46.6833
"5SP0850",-23.5028,-47.8031
"5PR0851",-23.5,-50.65
"5PR0852",-23.5,-49.8667
"5SP0853",-23.5,-46.6167
"5PR0854",-23.4858,-53.0839
"5PR0855",-23.4839,-51.9056
"5SP0856",-23.4833,-48.4167
"5SP0857",-23.4833,-46.3667
"5PR0858",-23.4828,-52.7014
"5SP0859",-23.4808,-46.4711
"5PR0860",-23.4794,-53.7269
"5PR0861",-23.4667,-52.55
,-23.45,-50.2331
"5SP0863",-23.45,-49.4167
"5SP0864",-23.45,-46.9167
"5MS0865",-23.4497,-54.3936
"5PR0866",-23.4386,-53.0161
"5SP0867",-23.4333,-47.25
"5SP0868",-23.4333,-46.65
"5SP0869",-23.4333,-46.2833
"5PR0870",-23.4167,-52.3
"5PR0871",-23.4167,-51.95
"5SP0872",-23.4167,-47.4
"5SP0873",-23.4167,-46.4
,-23.4156,-47.4014
"5PR0875",-23.4139,-49.9808
"5PR0876",-23.4042,-52.1958
"5PR0877",-23.4,-51
"5PR0878",-23.4,-51.4333
"5PR0879",-23.4,-51.8739
"5PR0880",-23.4,-50.35
"5SP0881",-23.4,-47.7667
"5PR0882",-23.3939,-50.9239
"5SP0883",-23.3833,-48.0333
"5SP0884",-23.3833,-46.35
"5SP0885",-23.3833,-45.45
"5PR0886",-23.3831,-53.6167
"5PR0887",-23.3831,-52.9331
"5SP0888",-23.3731,-45.8694
"5SP0889",-23.3689,-45.9011
"5PR0890",-23.3667,-53.2831
"5SP0891",-23.3667,-48.1833
"5SP0892",-23.3667,-45.2
"5SP0893",-23.3667,-45.6833
"5PR0894",-23.35,-50.6331
"5SP0895",-23.3333,-47.6833
"5SP0896",-23.3333,-46.2333
"5PR0897",-23.3331,-52.7667
"5SP0898",-23.3331,-46.7328
"5SP0899",-23.3292,-45.1403
"5SP0900",-23.3278,-47.7642
"5PR0901",-23.3242,-52.6669
"5PR0902",-23.3239,-52.2994
"5PR0903",-23.3197,-53.07
,-23.3172,-44.7217
"5PR0905",-23.3125,-50.9958
"5PR0906",-23.3,-51.15
"5PR0907",-23.3,-50.0667
"5SP0908",-23.2833,-45.5333
"5PR0909",-23.2667,-51.0167
"5PR0910",-23.2667,-50.9833
"5PR0911",-23.2664,-50.4319
"5MS0912",-23.2661,-55.5244
"5SP0913",-23.25,-45.6833
"5PR0914",-23.2372,-51.6614
"5SP0915",-23.2333,-49.4667
"5SP0916",-23.2333,-45.3
"5RJ0917",-23.2236,-44.7639
"5PR0918",-23.2219,-52.3497
"5SP0919",-23.2219,-45.3233
"5PR0920",-23.2072,-50.7953
"5PR0921",-23.2,-51.45
"5PR0922",-23.2,-49.75
"5SP0923",-23.2,-47.3
"5SP0924",-23.2,-47.5167
"5SP0925",-23.2,-46.15
"5SP0926",-23.2,-46.9833
"5SP0927",-23.2,-45.4667
"5PR0928",-23.1869,-53.2014
,-23.1864,-46.8767
"5SP0930",-23.1856,-49.3908
"5SP0931",-23.1833,-48.1167
"5SP0932",-23.1833,-46.4
"5SP0933",-23.1833,-45.8
"5SP0934",-23.1833,-44.9833
"5PR0935",-23.1831,-53.0667
"5PR0936",-23.1831,-52.1831
"5PR0937",-23.1831,-51.8331
"5SP0938",-23.1667,-47.1333
"5SP0939",-23.1536,-44.8589
"5SP0940",-23.1511,-47.0578
"5SP0941",-23.15,-46.55
"5PR0942",-23.1492,-52.9453
"5SP0943",-23.1333,-45.7167
"5PR0944",-23.1311,-53.2772
"5SP0945",-23.1094,-47.1819
"5SP0946",-23.1033,-46.5581
,-23.1,-48.6167
"1SP0948",-23.1,-48.9167
"5SP0949",-23.1,-48.25
"5MS0950",-23.0978,-55.2436
,-23.0897,-47.7267
"5PR0952",-23.0853,-52.7847
"5PR0953",-23.0853,-50.2856
"5PR0954",-23.0833,-52.4333
"5SP0955",-23.0833,-48.3833
"5SP0956",-23.0833,-47.2167
,-23.0833,-45.6667
,-23.0833,-44.9667
"5PR0959",-23.0831,-52.6667
,-23.0822,-49.7364
"5PR0961",-23.0817,-53.4811
"5PR0962",-23.08,-50.7544
"5SP0963",-23.0778,-45.7103
"5PR0964",-23.0772,-52.9592
"5MS0965",-23.0728,-53.8206
"5RJ0966",-23.0722,-44.6981
,-23.0667,-48.1833
"5SP0968",-23.0667,-47.9667
"5SP0969",-23.0667,-46.3
,-23.0667,-45.5
"5PR0971",-23.0661,-51.2611
"5MS0972",-23.0578,-54.1939
"5SP0973",-23.0522,-46.3653
"5SP0974",-23.05,-49.7667
"5PR0975",-23.0419,-50.07
"5PR0976",-23.0403,-51.8056
"5SP0977",-23.0394,-45.5589
"5SP0978",-23.0333,-49.5667
"1SP0979",-23.0333,-49.1667
"5SP0980",-23.0333,-47.85
,-23.0333,-45.7833
"5SP0982",-23.0333,-45.5667
"5SP0983",-23.0261,-47.8183
"5RJ0984",-23.0258,-44.5181
"5PR0985",-23.0228,-52.9217
"5SP0986",-23.0167,-46.8333
"5SP0987",-23.0092,-47.5047
"5PR0988",-23.0067,-53.1889
"5RJ0989",-23.0047,-44.5364
"5SP0990",-23,-48.0167
"5SP0991",-23,-46.7167
"5SP0992",-22.9997,-49.8333
"1SP0993",-22.9997,-48.7
"5SP0994",-22.9997,-47.5
,-22.9958,-45.0417
,-22.9847,-46.83
"5SP0997",-22.9833,-49.8333
"5PR0998",-22.9831,-50
"5PR0999",-22.9747,-53.3964
"5PR1000",-22.9722,-50.4789
"5MS1001",-22.9703,-54.5633
"5PR1002",-22.9667,-53.2831
"5PR1003",-22.9653,-50.2661
,-22.9614,-44.0306
"5PR1005",-22.9597,-50.7711
"5SP1006",-22.9589,-47.2961
"5PR1007",-22.95,-52.8
"5PR1008",-22.95,-51.2
"5PR1009",-22.95,-50.6497
"5SP1010",-22.95,-49.3833
,-22.95,-46.7
"5RJ1012",-22.95,-43.2667
"5RJ1013",-22.9356,-44.3958
"1SP1014",-22.9333,-48.3
"5SP1015",-22.9333,-47.25
"5SP1016",-22.9333,-46.2667
"5SP1017",-22.9333,-46.5333
"5SP1018",-22.9333,-45.8333
,-22.9331,-53.0331
"5SP1020",-22.9211,-44.8222
"5SP1021",-22.9111,-45.4703
"5RJ1022",-22.9067,-42.7319
,-22.9003,-43.8661
"5SP1024",-22.9,-49.6167
"5SP1025",-22.9,-46.4167
"5PR1026",-22.8981,-51.8881
"5SP1027",-22.8972,-50.0211
"5SP1028",-22.8833,-50.3333
"1SP1029",-22.8833,-49.2333
"5SP1030",-22.8833,-47.0833
"5SP1031",-22.8833,-46.7833
"5PR1032",-22.8831,-52.5331
,-22.8811,-46.6317
,-22.8667,-48.65
"5SP1035",-22.8667,-47.6167
"5PR1036",-22.8569,-52.0781
"5PR1037",-22.8517,-51.0319
"5PR1038",-22.8511,-50.8744
"5SP1039",-22.85,-47.25
"5RJ1040",-22.8356,-44.1936
"5SP1041",-22.8333,-47.0667
"5PR1042",-22.8228,-51.5956
"5SP1043",-22.8167,-50.3
"1SP1044",-22.8167,-48.4333
"5SP1045",-22.8122,-45.1825
,-22.8,-46.45
"5PR1047",-22.795,-53.1592
"5PR1048",-22.7878,-51.7114
"5SP1049",-22.7833,-49.9333
"1SP1050",-22.7833,-48.1333
"5SP1051",-22.7833,-47.0333
,-22.7833,-46.6
"5RJ1053",-22.7714,-44.0906
"5PR1054",-22.7667,-53.2667
"5PR1055",-22.7667,-52.9831
"5PR1056",-22.7667,-51.2331
"1SP1057",-22.7667,-48.8333
"5SP1058",-22.7667,-45.7
"5MG1059",-22.76,-46.1469
"5PR1060",-22.7547,-51.3739
"1SP1061",-22.75,-49.7333
"5SP1062",-22.75,-47.45
"5SP1063",-22.75,-46.9333
,-22.75,-45.2333
"5RJ1065",-22.7489,-44.1247
"5MG1066",-22.7453,-45.7447
"1SP1067",-22.7414,-49.0303
"5SP1068",-22.7361,-44.6269
"1SP1069",-22.7333,-48.5667
"5SP1070",-22.7333,-45.0833
"5PR1071",-22.7331,-52.35
,-22.7319,-55.2422
"5PR1073",-22.7311,-52.4464
"5PR1074",-22.7306,-52.6164
"5PR1075",-22.7167,-53.1667
"5SP1076",-22.7167,-51.1333
"1SP1077",-22.7167,-49.3167
"5SP1078",-22.7167,-47.65
"5SP1079",-22.7167,-45.5667
,-22.71,-46.7747
"5SP1081",-22.7081,-46.9864
,-22.7022,-43.8808
"5SP1083",-22.7,-46.6667
"5PR1084",-22.6997,-51.6422
"5PR1085",-22.6964,-51.7897
"5SP1086",-22.6919,-44.975
,-22.6889,-45.4814
,-22.6858,-45.7353
"1SP1089",-22.6833,-50.4833
"1SP1090",-22.6833,-48.1167
,-22.6833,-44.3167
"5RJ1092",-22.6803,-42.9489
,-22.6733,-44.1986
"5SP1094",-22.6667,-51.0833
,-22.6667,-47.2167
"5SP1096",-22.6667,-46.9667
"5SP1097",-22.6667,-44.85
"5PR1098",-22.6608,-52.1331
"5PR1099",-22.6542,-52.8606
"5PR1100",-22.6528,-52.5181
"5SP1101",-22.6428,-44.5133
"5SP1102",-22.6333,-50.9
"1SP1103",-22.6333,-50.2
"1SP1104",-22.6333,-50.4
"1SP1105",-22.6333,-48.2
"1SP1106",-22.6333,-47.05
"5RJ1107",-22.63,-43.895
"5MS1108",-22.6244,-54.8247
"5SP1109",-22.6167,-52.1667
"5SP1110",-22.6167,-46.85
,-22.6078,-46.0394
,-22.6,-46.7
"5SP1113",-22.6,-46.5333
"1SP1114",-22.5833,-49.55
"1SP1115",-22.5833,-49.8167
"1SP1116",-22.5833,-49.4
"5SP1117",-22.5833,-47.6833
"5SP1118",-22.5667,-52.4167
"1SP1119",-22.5667,-47.1667
"1SP1120",-22.5667,-47.3667
"5MG1121",-22.5656,-45.8833
"5RJ1122",-22.5592,-42.6989
"5PR1123",-22.5508,-52.0364
"5SP1124",-22.55,-52.5833
"5SP1125",-22.5494,-44.7889
"5RJ1126",-22.5489,-42.5461
"5MS1127",-22.545,-54.0278
,-22.5414,-44.1781
"5RJ1129",-22.5381,-44.1753
"1SP1130",-22.5333,-49.65
,-22.5317,-44.5728
"5SP1132",-22.5167,-52.1833
"5SP1133",-22.5167,-51.8167
"5SP1134",-22.5167,-46.65
"1SP1135",-22.5167,-46.95
,-22.5128,-44.0942
,-22.5117,-43.1708
"5MG1138",-22.5097,-45.2867
"5RJ1139",-22.5033,-44.6156
"5RJ1140",-22.5011,-44.0919
"5RJ1141",-22.5003,-44.5542
,-22.4986,-42.9111
"5RJ1143",-22.4853,-43.1492
"5SP1144",-22.4833,-47.5167
"5RJ1145",-22.4819,-43.8392
"5RJ1146",-22.4742,-44.2289
,-22.4728,-42.0861
,-22.4714,-45.6219
"5SP1149",-22.4667,-52.5333
"1SP1150",-22.4667,-50.3667
,-22.4603,-42.3053
"5SP1152",-22.45,-49.7667
,-22.45,-49.3167
"1SP1154",-22.45,-46.8167
"5RJ1155",-22.45,-44.6
,-22.4411,-42.6219
"5RJ1157",-22.4381,-43.1703
"5RJ1158",-22.4381,-42.7675
"1SP1159",-22.4333,-50.9997
"1SP1160",-22.4333,-50.2167
"5SP1161",-22.4333,-49.9167
"1SP1162",-22.4333,-47.7167
"1SP1163",-22.4333,-46.9667
"1SP1164",-22.4167,-51.1667
"5SP1165",-22.4167,-51.5167
"1SP1166",-22.4167,-50.5667
"5SP1167",-22.4167,-47.55
,-22.4142,-45.7908
"5MG1169",-22.4069,-45.215
"5MS1170",-22.4058,-54.2353
"5RJ1171",-22.4047,-42.3392
"1MS1172",-22.3981,-54.7917
"5RJ1173",-22.3894,-42.5
"5MG1174",-22.3858,-45.8847
"5RJ1175",-22.3856,-44.1075
"1SP1176",-22.3833,-51.2833
,-22.3772,-42.5517
"5MG1178",-22.3756,-45.4469
"1SP1179",-22.3678,-46.93
"1SP1180",-22.3667,-50.3833
"5RJ1181",-22.3636,-42.3808
,-22.35,-42.5667
"1SP1183",-22.3422,-47.9178
,-22.3381,-45.0906
"5RJ1185",-22.3378,-44.5903
"5SP1186",-22.3333,-47.4833
,-22.3333,-46.9833
"5RJ1188",-22.3325,-43.1361
"5RJ1189",-22.33,-44.5383
"5RJ1190",-22.3278,-44.3919
"5MG1191",-22.3211,-46.3294
"5SP1192",-22.3167,-49.7667
"5SP1193",-22.3167,-49.5333
"1SP1194",-22.3167,-48.8833
"5MG1195",-22.3147,-45.3731
"5RJ1196",-22.3036,-44.1869
"1SP1197",-22.3008,-47.1336
"5SP1198",-22.3,-52.0833
"5SP1199",-22.3,-51.9167
,-22.3,-47.75
,-22.2997,-43.1781
,-22.2994,-42.4011
"5MS1203",-22.2986,-53.2803
"5RJ1204",-22.2975,-44.3106
,-22.2944,-44.9392
"5MG1206",-22.2886,-46.6192
"5RJ1207",-22.2875,-43.9294
,-22.2858,-42.66
"5MG1209",-22.2772,-46.1639
"5RJ1210",-22.2767,-42.5022
"5RJ1211",-22.2714,-42.7947
"5RJ1212",-22.2706,-44.3917
"5SP1213",-22.2667,-51.5
"5SP1214",-22.2667,-50.1
"5RJ1215",-22.2592,-41.9842
"5MG1216",-22.2539,-44.495
"5MG1217",-22.2514,-45.7089
"1SP1218",-22.25,-51.1667
"1SP1219",-22.25,-48.3833
"5SP1220",-22.25,-47.3833
,-22.2492,-47.8267
,-22.2447,-45.9597
,-22.2439,-43.0972
,-22.2431,-44.2636
"1SP1225",-22.2358,-47.9581
"5RJ1226",-22.2356,-42.2858
"5SP1227",-22.2333,-50.7
,-22.2311,-44.0647
,-22.2228,-57.3047
"5RJ1230",-22.2189,-43.7036
"5SP1231",-22.2167,-50.8833
"5SP1232",-22.2167,-49.9333
"5SP1233",-22.2167,-48.6
,-22.2167,-47.6167
"5MG1235",-22.2103,-45.2658
,-22.2086,-43.6233
"5RJ1237",-22.2011,-42.9
"5SP1238",-22.2,-49.65
"5MG1239",-22.1992,-44.9733
"5RJ1240",-22.1931,-43.0078
"1MS1241",-22.1881,-55.9436
"5MS1242",-22.1864,-52.7133
"5RJ1243",-22.1864,-42.1636
"1SP1244",-22.1797,-47.7842
,-22.17,-47.8989
"5MG1246",-22.17,-44.6369
"1SP1247",-22.1667,-49.3333
"5SP1248",-22.1667,-47.2833
"5MG1249",-22.1622,-45.4581
"5RJ1250",-22.1578,-43.285
"5RJ1251",-22.1569,-42.4164
"5RJ1252",-22.155,-43.755
,-22.1522,-47.8864
"5MG1254",-22.1506,-44.09
"5SP1255",-22.15,-51.25
"1SP1256",-22.15,-47.8
"5SP1257",-22.15,-46.7167
"1SP1258",-22.1483,-48.0006
,-22.1417,-43.2156
"5SP1260",-22.1333,-49.9167
"1SP1261",-22.1333,-48.3167
"1SP1262",-22.1333,-47.6667
"5MG1263",-22.1322,-45.9178
"5RJ1264",-22.1272,-43.1522
,-22.1269,-44.4083
"5MG1266",-22.1211,-44.8425
"5SP1267",-22.1167,-50.8333
"1SP1268",-22.1153,-46.8903
"1MS1269",-22.11,-56.5275
"5RJ1270",-22.1061,-41.4711
"5SP1271",-22.1,-51.3833
"5SP1272",-22.1,-51.9667
"1SP1273",-22.1,-47.9833
"1MS1274",-22.0861,-55.3531
"5RJ1275",-22.0861,-41.7397
"5RJ1276",-22.0858,-43.5567
"5SP1277",-22.0833,-49.7167
"1SP1278",-22.0833,-48.1833
"1SP1279",-22.0778,-48.1803
"5MS1280",-22.0753,-54.1892
"5MS1281",-22.0747,-54.7839
"5RJ1282",-22.0678,-42.16
"1SP1283",-22.0611,-46.9744
"5MG1284",-22.0528,-45.6989
"5RJ1285",-22.0503,-42.6783
"5SP1286",-22.05,-49.6167
,-22.05,-49.0333
"5RJ1288",-22.0428,-42.0442
"5RJ1289",-22.0425,-41.0556
"5RJ1290",-22.0353,-42.9908
"5MG1291",-22.0342,-45.8353
"5MG1292",-22.0261,-44.1736
"5MG1293",-22.0233,-46.3039
"5SP1294",-22.0167,-51.2333
"1MS1295",-22.0142,-57.0322
"5MG1296",-22.0117,-43.875
"5SP1297",-21.9997,-51.1333
"5SP1298",-21.9997,-47.4167
"5MG1299",-21.9981,-44.4636
"5MG1300",-21.9897,-44.9386
,-21.9875,-42.9044
"5MG1302",-21.9872,-44.0322
"1SP1303",-21.9847,-46.7953
"1SP1304",-21.9833,-48.4
"1MS1305",-21.9822,-53.4389
"5MG1306",-21.9772,-44.6033
"5SP1307",-21.9667,-51.65
"5SP1308",-21.9667,-50.45
"1SP1309",-21.9667,-47.7
"5MG1310",-21.9664,-43.3725
"1SP1311",-21.9608,-48.2483
"1SP1312",-21.9547,-47.9986
"5RJ1313",-21.9525,-42.3558
"5MG1314",-21.9511,-44.8761
"5SP1315",-21.95,-51.4167
"5SP1316",-21.95,-50.9333
"1SP1317",-21.95,-46.8
,-21.9472,-44.1939
"1SP1319",-21.9333,-47.1333
,-21.9192,-45.4789
"5SP1321",-21.9167,-50.7333
"5SP1322",-21.9167,-49.9
,-21.9,-50.6
"1SP1324",-21.9,-47.0333
"5MG1325",-21.8964,-43.0414
"5MG1326",-21.8872,-45.0792
"5SP1327",-21.8833,-51.8333
"5SP1328",-21.8833,-51.7333
"5SP1329",-21.8833,-49.5333
"1SP1330",-21.8833,-48.15
"5MG1331",-21.8742,-45.2583
,-21.8717,-54.0808
,-21.8708,-42.6403
"5MG1334",-21.8692,-43.5556
"5SP1335",-21.8667,-50.7
"1SP1336",-21.8667,-47.8
"5MG1337",-21.8556,-43.8864
"5MG1338",-21.8525,-42.6064
"5SP1339",-21.8461,-47.4742
"1SP1340",-21.8361,-48.4947
"5MG1341",-21.8353,-44.8008
,-21.8342,-47.2939
"5SP1343",-21.8333,-51.9833
"5SP1344",-21.8333,-51.4833
"1SP1345",-21.8333,-46.9
"5SP1346",-21.8167,-49.6333
"1SP1347",-21.8167,-48.8
"1MS1348",-21.8061,-54.6031
"5SP1349",-21.8,-50.2333
"5SP1350",-21.8,-50.8667
"1SP1351",-21.8,-48.6
"1SP1352",-21.7981,-48.6175
"5MG1353",-21.7908,-46.1242
,-21.7864,-45.4403
"5SP1355",-21.7833,-49.8
"1SP1356",-21.7833,-48.1667
"1SP1357",-21.7833,-47.7833
"5MG1358",-21.7692,-42.5397
"5MG1359",-21.7603,-45.5378
"5MG1360",-21.7578,-43.9178
"5SP1361",-21.75,-50.1167
"1SP1362",-21.75,-47.05
"5MG1363",-21.7458,-44.3547
,-21.7428,-42.9883
"5MG1365",-21.7347,-44.3122
"5SP1366",-21.7333,-51.0167
"1MS1367",-21.7258,-52.3342
"5MG1368",-21.7225,-46.4386
"5MG1369",-21.7208,-45.2644
"5SP1370",-21.7,-50.3
"1SP1371",-21.7,-48.5333
"1SP1372",-21.7,-48.9997
"5SP1373",-21.7,-46.8167
"5MG1374",-21.6992,-44.4389
"1MS1375",-21.6889,-57.3597
"5SP1376",-21.6833,-51.0833
"1SP1377",-21.6833,-48.0833
,-21.6783,-45.2597
"5MG1379",-21.6747,-44.3406
"1SP1380",-21.6667,-48.2333
"1SP1381",-21.6667,-48.05
"5RJ1382",-21.6581,-42.3428
,-21.6575,-48.3542
"5MS1384",-21.6472,-54.4253
"5RJ1385",-21.6453,-41.7522
"1SP1386",-21.6444,-47.0928
"5RJ1387",-21.6433,-41.8586
"5RJ1388",-21.6258,-41.9853
"1MS1389",-21.6186,-55.1369
"5SP1390",-21.6167,-50.9167
"5SP1391",-21.6167,-49.8
"1MS1392",-21.6153,-53.0522
"5MG1393",-21.6106,-45.4894
"5SP1394",-21.6,-50.6
"1SP1395",-21.6,-48.9667
"1SP1396",-21.6,-48.35
"5SP1397",-21.6,-46.9
,-21.5942,-43.5053
"5MG1399",-21.5853,-45.6739
"5SP1400",-21.5833,-51.7167
"5SP1401",-21.5833,-50.1667
"1SP1402",-21.5833,-48.8167
"1SP1403",-21.5833,-47.7
"5SP1404",-21.5667,-51.35
"5SP1405",-21.5667,-50.3333
"1SP1406",-21.55,-47.3833
"5RJ1407",-21.5419,-42.1825
"5SP1408",-21.5333,-49.8667
"5SP1409",-21.5333,-46.6333
"1SP1410",-21.5217,-47.3644
,-21.5069,-44.9156
"5SP1412",-21.5,-51.15
"1SP1413",-21.5,-48.0333
"5MG1414",-21.4994,-43.1536
"5MG1415",-21.4922,-44.3261
"5RJ1416",-21.4919,-41.6136
"5MG1417",-21.4842,-44.6433
"5RJ1418",-21.4828,-41.1033
"5MG1419",-21.4725,-43.1211
"5MG1420",-21.4714,-42.8131
"5SP1421",-21.4667,-51.5333
"1SP1422",-21.4667,-48.6167
"5SP1423",-21.4667,-46.75
"5MG1424",-21.4611,-45.2214
"5MG1425",-21.4525,-45.9442
"1SP1426",-21.45,-47.9
,-21.4406,-56.0908
"5SP1428",-21.4333,-51.0167
"5SP1429",-21.4333,-50.0667
"1SP1430",-21.4333,-47.3333
"1SP1431",-21.4333,-47.5833
"5MG1432",-21.4311,-43.5531
"5MG1433",-21.4272,-43.9594
"1SP1434",-21.4194,-46.9622
,-21.4094,-53.6133
"5SP1436",-21.4,-50.4833
,-21.3897,-48.3997
"5MG1438",-21.3894,-42.7019
"5MG1439",-21.3806,-46.5189
"1SP1440",-21.3667,-47.7167
"5MG1441",-21.3614,-45.5011
"5MG1442",-21.3556,-43.0503
,-21.355,-43.2469
"5SP1444",-21.35,-51.85
"5SP1445",-21.35,-50.6833
"5SP1446",-21.35,-50.2833
"1SP1447",-21.35,-48.2
"5MG1448",-21.3436,-45.1703
"5SP1449",-21.3333,-50.5167
"5SP1450",-21.3333,-50.3667
"1SP1451",-21.3333,-48.3167
"5SP1452",-21.3333,-48.6333
"1SP1453",-21.3333,-47.7833
"5MG1454",-21.3208,-44.8728
"1SP1455",-21.3183,-47.4767
"5SP1456",-21.3167,-49.05
"5MG1457",-21.3136,-46.8722
"5MG1458",-21.3094,-43.2022
"5MG1459",-21.3069,-42.8606
,-21.3019,-54.1994
"5SP1461",-21.3,-51.5667
"1SP1462",-21.3,-47.9333
"1MS1463",-21.2953,-52.8106
,-21.2936,-46.7039
"5MG1465",-21.2928,-46.7975
"5SP1466",-21.2833,-50.3333
,-21.2833,-47.1667
"5MG1468",-21.2789,-46.3608
"5MG1469",-21.2789,-43.82
"5MG1470",-21.2747,-43.8786
"5SP1471",-21.2667,-50.6333
"5SP1472",-21.2667,-49.9333
"1SP1473",-21.2667,-48.5
"5SP1474",-21.2667,-48.7667
"5MG1475",-21.2575,-45.1736
"5SP1476",-21.25,-50.8667
"1MS1477",-21.2494,-52.2881
,-21.2406,-45.7572
"5SP1479",-21.2167,-48.9
"5SP1480",-21.2167,-47.3
"1SP1481",-21.2167,-47.6
"1SP1482",-21.2167,-47.8667
"1MS1483",-21.2114,-53.9569
"5RJ1484",-21.2061,-41.4628
"5RJ1485",-21.2053,-41.9067
"5SP1486",-21.2,-50.45
"5MG1487",-21.1928,-45.4486
"5MG1488",-21.1928,-43.6139
"1MS1489",-21.1919,-57.0392
,-21.1894,-44.3289
"5MG1491",-21.1872,-43.98
"5SP1492",-21.1833,-49.3
"5SP1493",-21.1833,-49.5833
"1SP1494",-21.1833,-48.1167
"1MS1495",-21.1828,-54.7461
"5MG1496",-21.165,-44.1356
"5SP1497",-21.15,-48.6333
,-21.1492,-55.825
"5MG1499",-21.1492,-43.52
"5MG1500",-21.1486,-42.2156
,-21.145,-44.9136
,-21.1447,-47.2797
"5MG1503",-21.1431,-44.7378
"5SP1504",-21.1333,-51.1
"5SP1505",-21.1333,-50.2
"1MG1506",-21.1331,-47.0219
"5MG1507",-21.1225,-44.2325
,-21.1183,-56.48
"1SP1509",-21.1167,-48.4167
"5SP1510",-21.1,-49.1833
"1SP1511",-21.1,-48.0667
"1SP1512",-21.1,-47.75
"1SP1513",-21.1,-47.15
"5SP1514",-21.0833,-51.3333
,-21.0833,-47.65
"1MS1516",-21.0697,-52.9936
"5ES1517",-21.0647,-41.3625
"5ES1518",-21.0625,-41.2411
"5MG1519",-21.0556,-44.2089
"1SP1520",-21.0511,-48.1592
"5MG1521",-21.0503,-42.5156
"5SP1522",-21.05,-50.4667
"5SP1523",-21.05,-49.0667
"5SP1524",-21.05,-49.6833
"1SP1525",-21.05,-48.2667
"5ES1526",-21.0367,-41.6522
"5MG1527",-21.0339,-44.7719
"5SP1528",-21.0333,-51.2
"5SP1529",-21.0333,-49.3833
,-21.0228,-53.5369
"5MG1531",-21.0194,-46.5214
"1SP1532",-21.0189,-48.1814
"5SP1533",-21.0167,-51.1
"1SP1534",-21.0167,-47.7667
"1SP1535",-21.0167,-47.4
"1SP1536",-21.0111,-48.2183
"5ES1537",-21.0075,-40.8353
"5SP1538",-20.9997,-48.55
"1SP1539",-20.9983,-48.0239
"1SP1540",-20.9969,-47.66
,-20.9958,-47.2633
"1MS1542",-20.9939,-54.5081
"5SP1543",-20.9833,-49.0167
"1SP1544",-20.9833,-48.3333
,-20.9692,-42.0517
"5SP1546",-20.9667,-50.6833
"5MG1547",-20.965,-46.1522
,-20.9611,-53.2881
,-20.9558,-43.8008
"5ES1550",-20.9528,-40.9533
"1MS1551",-20.9514,-54.9717
"5SP1552",-20.95,-50.1
"1MG1553",-20.9453,-45.8236
,-20.9447,-41.4008
"5MG1555",-20.9442,-44.9075
"1SP1556",-20.94,-48.0775
"5SP1557",-20.9333,-51.1167
"5RJ1558",-20.9308,-41.85
"5MG1559",-20.9236,-44.2383
"5SP1560",-20.9167,-51.3667
"5SP1561",-20.9167,-49.3
"5SP1562",-20.9167,-49.7833
"5SP1563",-20.9167,-49.45
"5ES1564",-20.9128,-41.195
"5MG1565",-20.9114,-42.3494
"5MG1566",-20.905,-45.125
"5SP1567",-20.9,-48.6333
"5MG1568",-20.8972,-44.5003
"1SP1569",-20.8833,-47.6167
,-20.8811,-40.9433
"5SP1571",-20.8667,-51.4833
"5SP1572",-20.8667,-50.4833
"5SP1573",-20.85,-48.8
"5MG1574",-20.8475,-43.2419
"5SP1575",-20.8167,-49.5167
"1SP1576",-20.8167,-48.4833
"5MG1577",-20.8111,-46.8081
"5ES1578",-20.8036,-40.6556
"1MS1579",-20.8006,-52.3883
"5MS1580",-20.8,-51.6333
"5SP1581",-20.8,-49.2167
"1SP1582",-20.8,-49.3833
"1SP1583",-20.8,-47.7667
"1SP1584",-20.7842,-48.3325
"5ES1585",-20.7836,-40.8258
"5ES1586",-20.7736,-41.6817
,-20.7706,-47.2406
"5MG1588",-20.7694,-42.3011
"5SP1589",-20.7667,-49.7
"1MG1590",-20.7653,-45.9258
"1MS1591",-20.7644,-56.0931
"1SP1592",-20.7611,-48.6636
"1MG1593",-20.76,-45.2742
"5ES1594",-20.7469,-41.4661
"5MG1595",-20.7408,-44.7833
"5MG1596",-20.74,-42.0239
,-20.7392,-46.7353
"5SP1598",-20.7333,-51.1333
"5SP1599",-20.7333,-49.5833
"5SP1600",-20.7333,-48.9
"1SP1601",-20.7333,-48.05
"1SP1602",-20.7333,-48.55
,-20.7333,-47.75
"1SP1604",-20.7333,-47.8833
"5ES1605",-20.7281,-40.8825
,-20.7261,-42.9172
"5ES1607",-20.7019,-41.0164
"5SP1608",-20.7,-50.55
,-20.6939,-41.9219
"1SP1610",-20.6919,-47.5528
"5MG1611",-20.6906,-43.2994
,-20.6858,-41.8461
"1SP1613",-20.6833,-48.4167
"5MG1614",-20.6825,-42.8067
"5ES1615",-20.6806,-41.3483
"1MS1616",-20.6769,-53.5714
"1MG1617",-20.6758,-46.3231
"5MG1618",-20.6703,-43.0881
,-20.665,-43.7778
"5MG1620",-20.6611,-44.0706
"5ES1621",-20.6522,-40.5086
"5SP1622",-20.65,-50.6667
"5MG1623",-20.6353,-44.0489
"1SP1624",-20.6333,-49.95
"1SP1625",-20.6333,-49.3333
"1SP1626",-20.6333,-47.2833
"1SP1627",-20.6333,-47.2167
"5MG1628",-20.6253,-44.4333
"1SP1629",-20.6167,-49.4667
"1SP1630",-20.6167,-49.3
"1SP1631",-20.6167,-48
"5SP1632",-20.6167,-48.7667
"1SP1633",-20.615,-48.4664
"5ES1634",-20.6056,-41.1997
,-20.6028,-52.2183
"1SP1636",-20.6,-48.9833
"1SP1637",-20.6,-47.6333
"5ES1638",-20.5875,-40.9492
"1SP1639",-20.585,-47.8914
"1SP1640",-20.5833,-48.3667
"1SP1641",-20.5667,-50.2167
"1SP1642",-20.5667,-48.5667
"5MG1643",-20.5625,-44.8675
"5ES1644",-20.5567,-40.8114
"1SP1645",-20.5436,-47.4231
"5ES1646",-20.5406,-41.6656
"5ES1647",-20.5283,-41.5114
"5MG1648",-20.5219,-43.83
,-20.5167,-49.05
"1SP1650",-20.5167,-47.9667
"1SP1651",-20.5167,-47.4
"5MG1652",-20.5167,-43.0167
"5ES1653",-20.5167,-40.5167
"5ES1654",-20.5156,-40.3636
"1SP1655",-20.5144,-47.2456
"1SP1656",-20.5,-49.95
"5SP1657",-20.495,-48.9397
"1MS1658",-20.4931,-54.8114
"1MS1659",-20.4906,-54.8669
"1SP1660",-20.4833,-49.7833
"1SP1661",-20.4833,-49.5667
"1MG1662",-20.4722,-45.0361
"1MS1663",-20.4708,-54.0967
"1SP1664",-20.4667,-47.6
"1MG1665",-20.4619,-45.945
"5MG1666",-20.4572,-45.4192
"1SP1667",-20.4547,-48.1419
"1SP1668",-20.4536,-48.4508
"1SP1669",-20.45,-48.0167
"1MS1670",-20.4489,-55.4308
"1MS1671",-20.4453,-52.9019
"1MS1672",-20.4447,-53.7581
"1SP1673",-20.4431,-48.7403
"5SP1674",-20.4333,-50.5333
"1SP1675",-20.4333,-50.0667
"5SP1676",-20.4167,-50.7667
"1SP1677",-20.4167,-49.9833
"1SP1678",-20.4167,-47.8167
"5ES1679",-20.415,-40.4853
"5ES1680",-20.4119,-40.6822
"1SP1681",-20.4,-47.4
"5MG1682",-20.39,-43.1803
"5MG1683",-20.3847,-42.9028
"1SP1684",-20.3833,-49.4333
,-20.3764,-40.4461
"5ES1686",-20.3714,-41.4089
"5ES1687",-20.3667,-41.0611
,-20.3639,-40.6617
"1MS1689",-20.3636,-51.4239
"5MG1690",-20.3625,-43.1439
"5ES1691",-20.3522,-41.2394
"1SP1692",-20.35,-48.3
"5ES1693",-20.3458,-41.5375
"1SP1694",-20.3333,-49.2
"1SP1695",-20.3333,-47.7667
"1MG1696",-20.33,-46.3661
"1SP1697",-20.3264,-48.5903
"5ES1698",-20.3228,-41.7042
"5ES1699",-20.3175,-40.6528
"5MG1700",-20.3053,-43.6164
"5MG1701",-20.3011,-43.7981
"5SP1702",-20.3,-50.55
"5SP1703",-20.3,-50.25
"5SP1704",-20.3,-50.0167
"1SP1705",-20.3,-49.7667
"5MG1706",-20.2989,-42.4781
"5ES1707",-20.2964,-40.9339
"1MG1708",-20.2947,-45.5428
"1MG1709",-20.2925,-49.1969
"1MS1710",-20.2922,-55.4453
"5MG1711",-20.2856,-43.0989
"1MG1712",-20.2842,-49.2011
"5ES1713",-20.2836,-40.7831
"1SP1714",-20.2833,-47.6833
"1SP1715",-20.2833,-47.4167
"5MG1716",-20.2772,-42.3256
,-20.2614,-40.4792
"1SP1718",-20.25,-48.8167
"1SP1719",-20.25,-48.65
"5SP1720",-20.2333,-50.65
"5SP1721",-20.2333,-50.3167
"5MG1722",-20.2147,-42.6522
"1SP1723",-20.2106,-48.2906
"5MG1724",-20.1978,-44.1208
"1MG1725",-20.1922,-44.7936
,-20.1903,-40.3189
"5SP1727",-20.1833,-49.3667
,-20.1825,-41.9611
"1SP1729",-20.1814,-48.6842
"5MG1730",-20.1792,-43.9428
"1MG1731",-20.1789,-45.7003
"1SP1732",-20.1786,-47.8867
"5MG1733",-20.1692,-44.515
"5MG1734",-20.1647,-43.8919
"5SP1735",-20.15,-50.2
"1MG1736",-20.1475,-46.2847
"5ES1737",-20.1433,-40.9753
"5MG1738",-20.1378,-43.8925
"1MG1739",-20.1369,-44.8919
"5SP1740",-20.1333,-49.9667
,-20.1297,-44.4744
"1MS1742",-20.1278,-55.3933
"5MG1743",-20.1261,-43.9503
"1MG1744",-20.1194,-48.5733
"5SP1745",-20.1167,-50.5
"5MG1746",-20.1081,-41.7283
"5MG1747",-20.1056,-44.4011
"5MG1748",-20.1036,-42.44
,-20.1022,-54.4347
"5MG1750",-20.1022,-44.4847
"1MS1751",-20.1019,-52.9258
"1MG1752",-20.1017,-46.055
,-20.1003,-40.5278
"5MG1754",-20.0969,-43.4881
"1MS1755",-20.0939,-52.1603
"5MG1756",-20.0867,-44.4272
"1MG1757",-20.0844,-45.2967
,-20.0833,-47.4333
"5ES1759",-20.0794,-40.6067
,-20.0786,-41.1214
"5MG1761",-20.0714,-44.5703
,-20.0703,-55.6453
"5MG1763",-20.0686,-44.345
,-20.0683,-51.1036
"5MG1765",-20.0683,-44.4922
"5SP1766",-20.0667,-50.35
"5MG1767",-20.0514,-44.4517
"1MS1768",-20.0497,-57.3214
"5MG1769",-20.045,-44.4078
"5MG1770",-20.0428,-44.0433
"1MG1771",-20.0367,-45.5353
"5SP1772",-20.0333,-50.7333
"1SP1773",-20.0333,-47.7333
"5ES1774",-20.0283,-40.7433
"5MG1775",-20.0239,-44.4681
"1MG1776",-20.0211,-45.9661
"1MG1777",-20.02,-48.9431
"1MG1778",-20.0136,-47.0192
"5MG1779",-20.0114,-42.6742
"5MG1780",-20.0075,-44.3311
"5MG1781",-20.0003,-44.4617
"5MG1782",-19.9989,-42.3475
"5MG1783",-19.9828,-44.4922
"5MG1784",-19.9792,-43.85
"5MG1785",-19.9733,-44.1881
"5MG1786",-19.9642,-44.4519
"1MS1787",-19.9633,-52.2261
"5ES1788",-19.9578,-40.1544
"5MG1789",-19.9556,-44.3344
"5MG1790",-19.9556,-44.3067
"5ES1791",-19.955,-40.7417
"5ES1792",-19.9533,-40.5525
"1MS1793",-19.9525,-54.8928
,-19.9453,-43.4011
"5MG1795",-19.945,-43.9125
"2MS1796",-19.9447,-55.7944
"5ES1797",-19.9369,-40.4014
"1MG1798",-19.9269,-46.8253
"5MG1799",-19.9228,-43.1778
,-19.9186,-57.7894
"1MS1801",-19.9178,-54.3586
"1MG1802",-19.9075,-48.6936
,-19.9011,-41.0581
"5MG1804",-19.9006,-43.6675
,-19.9,-43.9167
"5MG1806",-19.8931,-43.815
"5MG1807",-19.8808,-43.3675
"1MG1808",-19.8797,-44.4217
"1MG1809",-19.8794,-46.0328
"1MG1810",-19.8786,-47.3547
"5ES1811",-19.8744,-40.8744
"1MS1812",-19.8708,-56.9836
"5MG1813",-19.8336,-42.3178
"5ES1814",-19.83,-40.2722
"5MG1815",-19.8111,-41.4378
"5ES1816",-19.8053,-40.6789
"5MG1817",-19.7989,-41.7061
"1MS1818",-19.7847,-53.9639
"5MG1819",-19.7769,-42.4769
"1MG1820",-19.7706,-48.5742
"1MG1821",-19.7517,-45.1169
"1MG1822",-19.7514,-46.4119
,-19.7497,-40.0431
"1MG1824",-19.7425,-45.255
"1MS1825",-19.7364,-51.9336
"5MG1826",-19.7281,-44.8067
"5MG1827",-19.7247,-50.1917
"1MG1828",-19.6981,-49.0839
"1MG1829",-19.6961,-44.9294
"5ES1830",-19.6922,-40.3981
"5ES1831",-19.6911,-41.02
"1MG1832",-19.6897,-43.5856
"1MG1833",-19.6872,-43.9208
,-19.6844,-44.8789
"5MG1835",-19.6783,-41.8361
"1MS1836",-19.6781,-52.8964
"1MG1837",-19.675,-46.6828
"1MG1838",-19.6656,-45.6522
"1MG1839",-19.6639,-43.6881
"5ES1840",-19.6636,-40.8353
"5MG1841",-19.6617,-50.9964
"1MG1842",-19.6344,-44.0533
,-19.6008,-57.4381
"1MG1844",-19.6003,-47.2089
"5MG1845",-19.5947,-41.4581
"5ES1846",-19.5886,-40.1981
,-19.5775,-39.7944
"1MG1848",-19.5631,-44.4469
"1MG1849",-19.5614,-43.9178
"1MG1850",-19.5547,-50.5731
"1MS1851",-19.5536,-52.1664
"1MG1852",-19.5422,-49.4831
,-19.5375,-47.4531
"1MG1854",-19.5358,-47.8111
"1MG1855",-19.5308,-46.1003
"5ES1856",-19.5308,-40.6231
"1MG1857",-19.5289,-50.3286
"1MG1858",-19.5253,-48.4983
"5MG1859",-19.5247,-42.6442
"5ES1860",-19.5236,-41.0142
"1MG1861",-19.5206,-43.7444
"1MG1862",-19.5167,-46.5711
,-19.4967,-53.9967
,-19.4944,-41.0764
"5MG1865",-19.4925,-41.1617
"1MG1866",-19.475,-46.5419
"1MG1867",-19.4686,-45.6017
"1MS1868",-19.4442,-52.5583
,-19.4403,-43.1186
"1MS1870",-19.4397,-54.9833
"1MG1871",-19.4283,-44.7197
"1MG1872",-19.4233,-44.5483
"5MG1873",-19.4158,-41.7297
,-19.4128,-54.4906
"1MG1875",-19.3947,-45.8844
"1MS1876",-19.3908,-51.6089
"1MS1877",-19.3769,-53.5697
"5MG1878",-19.3736,-42.105
"1MG1879",-19.3597,-49.1803
,-19.3592,-56.4092
"1MG1881",-19.3486,-47.2953
"5MG1882",-19.3431,-41.2461
"1MG1883",-19.3322,-45.2281
"1MG1884",-19.3233,-46.6372
,-19.3222,-54.1611
"5MG1886",-19.3164,-42.3961
"1MG1887",-19.3158,-47.5261
"1MG1888",-19.3153,-46.0444
"5ES1889",-19.2953,-40.5175
"1MG1890",-19.2786,-45.2858
"5ES1891",-19.2742,-40.3208
"1MS1892",-19.2719,-53.4908
"1MG1893",-19.2681,-44.4017
"5MG1894",-19.2503,-43.0144
,-19.2469,-48.5661
"5ES1896",-19.2375,-40.5914
"1MG1897",-19.2372,-44.1231
"1MS1898",-19.2292,-51.875
"5ES1899",-19.2203,-40.8533
"1MG1900",-19.2189,-43.5881
"1MG1901",-19.2175,-43.3742
"1MG1902",-19.2133,-49.7881
"5MG1903",-19.2081,-50.6628
"5MG1904",-19.1886,-42.4228
"2MS1905",-19.1733,-56.7122
"1MG1906",-19.1631,-45.4425
"5MG1907",-19.1617,-41.8622
"1MG1908",-19.1467,-47.1847
"1GO1909",-19.1364,-51.5344
"1MG1910",-19.1197,-43.8375
"1MG1911",-19.1128,-46.6883
"1GO1912",-19.1,-51.1494
"1MG1913",-19.0872,-44.9472
"1MG1914",-19.0706,-46.7958
"5MG1915",-19.0617,-41.5328
,-19.0592,-41.0275
"5ES1917",-19.0578,-40.5164
"1MS1918",-19.055,-53.015
,-19.0394,-49.0425
"1MG1920",-19.0353,-49.6967
"1MG1921",-19.0289,-44.1939
"5MG1922",-19.0167,-43.4442
"1MG1923",-19.0131,-44.0367
"2MS1924",-19.0033,-56.0889
"1MG1925",-19.0033,-46.3061
"1MG1926",-18.9997,-45.9661
"1MS1927",-18.9978,-52.5881
"1MG1928",-18.9883,-48.1903
"5ES1929",-18.9856,-40.7461
"1MG1930",-18.9819,-47.4575
"5ES1931",-18.9817,-39.9933
"5MG1932",-18.9764,-41.6403
"1GO1933",-18.9661,-51.9267
"5ES1934",-18.9503,-39.7644
,-18.9411,-49.4631
,-18.93,-46.9667
"1MS1937",-18.91,-54.8322
"5GO1938",-18.9097,-50.8503
"1MG1939",-18.8869,-50.0003
"5MG1940",-18.8831,-41.9503
"1MG1941",-18.8722,-48.8694
"1MG1942",-18.8625,-48.5839
,-18.8497,-46.8008
"1MG1944",-18.8414,-45.8514
"1MG1945",-18.8411,-46.5508
"5ES1946",-18.8389,-41.1103
"5ES1947",-18.8097,-40.6906
"5MG1948",-18.7769,-41.4828
"5MG1949",-18.7722,-42.9311
"1MG1950",-18.7719,-49.0697
"1GO1951",-18.7647,-51.3472
"5MG1952",-18.7631,-41.3083
"5ES1953",-18.7536,-40.8936
"1MG1954",-18.7381,-47.69
"1MS1955",-18.7303,-54.5786
"1MG1956",-18.7206,-47.5244
"1MG1957",-18.7069,-46.0369
"5ES1958",-18.7006,-40.4419
"1MG1959",-18.6983,-48.7819
,-18.6936,-40.8828
,-18.6919,-49.9486
"1MS1962",-18.6917,-52.5939
"1MG1963",-18.6833,-49.5667
"5MG1964",-18.6811,-41.1967
"1MS1965",-18.6797,-53.6378
"1MG1966",-18.6714,-44.1914
"5ES1967",-18.6586,-40.0911
"5MG1968",-18.6511,-48.2092
"1MS1969",-18.6492,-54.3572
"1MG1970",-18.6439,-44.0481
"1MG1971",-18.6411,-46.3344
"1MG1972",-18.6356,-43.9658
"5MG1973",-18.6119,-42.2786
,-18.6008,-48.6908
"1MG1975",-18.6,-46.5167
"5MG1976",-18.5928,-43.4125
,-18.5789,-47.8792
"5MG1978",-18.5747,-41.9178
"5ES1979",-18.5647,-40.3367
,-18.5622,-39.7472
"1MG1981",-18.5594,-46.8003
"5MG1982",-18.5528,-42.7642
"5ES1983",-18.5481,-40.9764
"1MS1984",-18.5472,-53.1353
"1MG1985",-18.5417,-44.5989
"1GO1986",-18.5178,-51.0936
"5GO1987",-18.5011,-50.5219
"5ES1988",-18.4942,-40.4642
"1MG1989",-18.4922,-48.9028
"1MG1990",-18.4911,-47.4064
"5ES1991",-18.4894,-40.0906
"5MG1992",-18.4886,-41.3925
"1MG1993",-18.4711,-47.1883
"1MG1994",-18.4656,-43.7431
"1MG1995",-18.4644,-45.6467
"1MG1996",-18.4172,-43.5256
"5MG1997",-18.4161,-49.1108
"1MG1998",-18.4125,-46.4222
"1GO1999",-18.4067,-52.5269
"5ES2000",-18.4061,-41.04
,-18.4042,-40.6867
"1MG2002",-18.3736,-46.915
"1MG2003",-18.3722,-44.4436
"5ES2004",-18.3658,-40.8406
"5GO2005",-18.3633,-47.7806
"5MG2006",-18.3583,-42.5956
"1MG2007",-18.3436,-45.8367
"5GO2008",-18.3394,-49.6114
"5ES2009",-18.3186,-40.4067
"1GO2010",-18.3044,-51.9622
"1MG2011",-18.3,-44.2228
"5ES2012",-18.2994,-39.9586
"5MG2013",-18.2797,-43.0006
,-18.2425,-48.8586
"5MG2015",-18.2386,-41.7486
"5ES2016",-18.2056,-40.6033
"5MG2017",-18.2031,-41.2483
"1MG2018",-18.2011,-44.5772
"5MG2019",-18.2011,-42.4553
"1MS2020",-18.1906,-54.2578
"5ES2021",-18.1864,-40.7183
"1MG2022",-18.1828,-46.8042
"5ES2023",-18.1456,-40.1439
"5MG2024",-18.1222,-40.8858
,-18.1167,-39.85
"1MG2026",-18.1133,-43.5203
"1GO2027",-18.1047,-50.0314
,-18.1031,-47.6947
"1MS2029",-18.0986,-54.5472
"1GO2030",-18.0931,-51.4969
"5MG2031",-18.0897,-42.8394
,-18.0706,-50.1717
"5MG2033",-18.0469,-41.1144
"1MG2034",-18.0383,-45.5236
"1MG2035",-18.0339,-46.4194
"1MG2036",-18.005,-46.9111
"2MS2037",-18.0042,-57.6717
"1MG2038",-17.9953,-44.1767
,-17.9922,-42.3939
"1GO2040",-17.9867,-48.5425
"1GO2041",-17.9822,-48.67
"1GO2042",-17.9797,-50.3372
"1GO2043",-17.9719,-48.1753
"1MG2044",-17.9581,-45.1022
"1MG2045",-17.9531,-43.2467
"1MG2046",-17.9156,-47.0106
"1MG2047",-17.89,-44.5767
"5MG2048",-17.8803,-41.3147
"1GO2049",-17.8564,-51.3967
"5MG2050",-17.8456,-42.0756
"5MG2051",-17.8375,-40.3772
"1MS2052",-17.8308,-54.3131
"1MG2053",-17.8253,-45.4792
"1MT2054",-17.8114,-53.2889
"1GO2055",-17.8094,-49.6264
"5BA2056",-17.8081,-39.6625
"2MS2057",-17.7903,-55.7736
"1MG2058",-17.7725,-47.0986
"5MG2059",-17.7386,-41.1211
"1GO2060",-17.7328,-49.1153
"1GO2061",-17.7322,-50.1808
,-17.7181,-52.17
"5MG2063",-17.7056,-40.7597
"1GO2064",-17.695,-51.8922
"5MG2065",-17.6917,-42.5261
"1GO2066",-17.6889,-52.9833
"1MG2067",-17.6636,-46.355
"2MS2068",-17.6414,-57.6906
"5MG2069",-17.6294,-41.7372
"2MS2070",-17.6233,-56.965
"1MG2071",-17.6133,-46.8586
"5MG2072",-17.595,-41.4928
"1MG2073",-17.5936,-44.7161
"1GO2074",-17.5794,-52.6014
"5MG2075",-17.5728,-42.1353
"1GO2076",-17.5414,-50.5561
"1MG2077",-17.5328,-43.0122
"1GO2078",-17.5169,-49.4417
,-17.5156,-39.2275
"5BA2080",-17.5103,-39.6411
,-17.5042,-47.5556
"1MG2082",-17.4972,-46.5817
"2MT2083",-17.4917,-55.2322
"5MG2084",-17.4911,-41.2394
"1GO2085",-17.4658,-50.7742
"5BA2086",-17.3722,-40.2258
"1GO2087",-17.3647,-51.0767
"1GO2088",-17.3528,-53.0919
,-17.3503,-39.22
"1MG2090",-17.35,-44.95
"1GO2091",-17.3414,-49.9303
"1GO2092",-17.3253,-50.6819
"5MG2093",-17.3206,-40.6761
"1MG2094",-17.3128,-43.2078
,-17.3039,-48.2708
"1MT2096",-17.3,-53.2194
"2MS2097",-17.2914,-56.3847
,-17.2894,-49.0272
"1GO2099",-17.2847,-49.3828
"1MG2100",-17.2825,-42.8078
"1MG2101",-17.2553,-46.4739
"5BA2102",-17.2536,-39.7783
"5BA2103",-17.2494,-39.6211
"1MG2104",-17.2192,-42.5889
"1MT2105",-17.2078,-54.14
,-17.2017,-56.0086
"1GO2107",-17.1981,-48.715
"5BA2108",-17.1875,-39.9822
"5BA2109",-17.1633,-40.3267
"1MG2110",-17.1458,-45.8803
"1GO2111",-17.13,-48.1342
"1MG2112",-17.1111,-45.4378
"1GO2113",-17.1056,-49.6908
"5MG2114",-17.0825,-40.9408
"1GO2115",-17.0792,-50.2894
"5MG2116",-17.0728,-41.4831
"1MG2117",-17.0694,-43.3131
"2MT2118",-17.0572,-56.5856
"5BA2119",-17.045,-39.5447
"1MG2120",-17.0419,-46.8178
"1MG2121",-17.0308,-46.0136
,-17.0283,-47.1581
"1MG2123",-17.0269,-45.5406
,-16.9833,-44.6
"5MG2125",-16.9711,-42.1156
,-16.9667,-44.2667
"1GO2127",-16.9497,-51.7994
"1GO2128",-16.9489,-50.4469
,-16.9442,-56.6319
"1MT2130",-16.9442,-53.5336
"2MT2131",-16.9211,-56.2236
"1GO2132",-16.9119,-49.4522
"1MG2133",-16.9089,-45.3786
,-16.9,-47.9167
,-16.9,-43.9
"2MT2136",-16.8939,-55.9072
,-16.8667,-44.9167
"1MG2138",-16.86,-42.3475
,-16.8431,-54.4081
"5BA2140",-16.8386,-40.1564
,-16.8333,-43.6
"1MG2142",-16.8297,-46.3222
"1MG2143",-16.8072,-45.0303
,-16.8031,-49.9286
"1MT2145",-16.7664,-52.8372
"5MG2146",-16.7608,-42.0061
"1GO2147",-16.7569,-47.6056
"1GO2148",-16.7478,-48.5264
"2MT2149",-16.7275,-55.3553
"1GO2150",-16.7217,-52.3211
,-16.7025,-44.1172
"5MG2152",-16.6894,-41.4983
"1MG2153",-16.6886,-45.4136
"1MG2154",-16.6833,-44.5747
"1MG2155",-16.6789,-42.4856
"1MT2156",-16.6739,-54.2661
"1GO2157",-16.6736,-49.2639
"1GO2158",-16.6694,-50.6492
"1MT2159",-16.6689,-53.4536
"1GO2160",-16.6611,-49.4878
"1MG2161",-16.6569,-45.0808
"5MG2162",-16.6342,-40.7606
"5MG2163",-16.6181,-41.7675
"1MG2164",-16.6178,-42.3089
,-16.6167,-43.3
"5MG2166",-16.6131,-42.1869
"1GO2167",-16.6094,-50.1328
"5MG2168",-16.5961,-41.0244
"1MG2169",-16.5906,-42.9186
"5MG2170",-16.5683,-41.5031
,-16.5667,-42.9
"1GO2172",-16.5375,-47.8006
,-16.5333,-44.05
"1MG2174",-16.5297,-46.7211
,-16.5164,-49.0203
"2MT2176",-16.5119,-56.3756
"1MG2177",-16.5028,-46.6628
"1MT2178",-16.4714,-54.6567
"1GO2179",-16.4653,-49.9428
,-16.4333,-44.2833
"1MG2181",-16.4286,-45.7422
"1GO2182",-16.4281,-51.0828
"5MG2183",-16.4275,-41.0139
"1GO2184",-16.4233,-51.8228
"1MG2185",-16.4142,-44.2214
,-16.4,-43.25
,-16.3944,-58.3389
"1MT2188",-16.3911,-54.1494
"5MG2189",-16.3789,-40.5408
"1MG2190",-16.3717,-45.0828
,-16.3667,-45.0667
"2MT2192",-16.3561,-55.5864
"1MT2193",-16.3528,-53.7608
"1MG2194",-16.3514,-46.8897
"1GO2195",-16.3467,-49.495
"1MG2196",-16.3222,-43.715
,-16.3167,-43.4167
,-16.3167,-42.7
"1GO2199",-16.3164,-50.9061
"2MT2200",-16.3147,-56.5436
"1MG2201",-16.3108,-43.1056
"1GO2202",-16.3058,-51.4706
,-16.3,-43.95
"1GO2204",-16.2983,-50.5567
"5MG2205",-16.2961,-41.7903
"1MG2206",-16.2864,-44.7817
,-16.2833,-44.8167
"1MG2208",-16.2817,-45.4142
"4MT2209",-16.2708,-59.4919
"1MG2210",-16.2686,-45.2378
"5BA2211",-16.2636,-39.5808
,-16.25,-42.8667
,-16.2333,-43.2833
"5MG2214",-16.23,-41.4808
"1GO2215",-16.2186,-49.1978
"1GO2216",-16.2092,-52.1686
,-16.2089,-47.2325
"1MG2218",-16.2064,-44.4253
"1MT2219",-16.2014,-52.55
,-16.2,-44.4333
"2MT2221",-16.1936,-55.9453
"1MG2222",-16.1931,-42.5942
,-16.1558,-47.9367
"5MG2224",-16.1386,-40.2903
"1MG2225",-16.1336,-45.7422
,-16.1333,-44.2167
"5MG2227",-16.1203,-40.7394
"1MG2228",-16.1111,-43.8536
,-16.1,-44.5833
"1GO2230",-16.0833,-48.5083
"1MT2231",-16.0778,-53.5494
"1MT2232",-16.0392,-57.2575
"1GO2233",-16.0275,-49.8003
"1MG2234",-16.0044,-43.0467
"1MT2235",-15.9889,-54.9683
,-15.9833,-43.05
"5BA2237",-15.9608,-39.5261
,-15.95,-43.8333
"1MG2239",-15.9494,-44.8681
"1GO2240",-15.9408,-51.3572
,-15.9394,-50.1406
"1DF2242",-15.9333,-47.8833
,-15.9333,-44.0167
"1MG2244",-15.9303,-44.0042
"1MG2245",-15.9244,-46.1097
"1MG2246",-15.9056,-44.3072
"5MG2247",-15.8944,-40.1697
"1GO2248",-15.89,-51.8536
"5MG2249",-15.8817,-40.5633
,-15.8544,-48.9658
"2MT2251",-15.8533,-58.4658
,-15.85,-48.95
"1MT2253",-15.8361,-55.3219
"1GO2254",-15.8158,-50.6086
"1GO2255",-15.8008,-46.9247
"1DF2256",-15.79,-47.9228
"1MG2257",-15.7756,-43.2797
"1MT2258",-15.7739,-56.3497
"1GO2259",-15.7672,-51.1044
"1GO2260",-15.7581,-49.3369
"1GO2261",-15.7414,-48.3056
"1MT2262",-15.7111,-52.7544
"1MG2263",-15.7042,-44.0286
,-15.7,-41.3333
,-15.6986,-55.1356
"1DF2266",-15.6711,-48.2219
"1DF2267",-15.6431,-47.6508
"1MG2268",-15.6367,-42.9436
"1MT2269",-15.6353,-56.6117
,-15.6333,-44
"1DF2271",-15.6322,-47.5203
"1MT2272",-15.6217,-56.1083
"1MG2273",-15.6167,-43.5833
,-15.6167,-43.5833
"1MG2275",-15.6158,-46.415
"5BA2276",-15.6033,-39.5169
,-15.6,-44.4
"1MG2278",-15.5983,-42.5475
"0MG2279",-15.5978,-44.3903
"5MG2280",-15.5808,-41.4086
"1GO2281",-15.5642,-49.9436
"5BA2282",-15.5642,-39.3017
"1MT2283",-15.5419,-53.4519
"1GO2284",-15.5414,-48.5542
"1GO2285",-15.5356,-50.7028
"1MG2286",-15.5217,-46.2831
"5BA2287",-15.505,-41.2292
"1MG2288",-15.5022,-45.39
"1GO2289",-15.4961,-49.6908
"1MG2290",-15.4931,-45.1544
"5MG2291",-15.4897,-41.4578
,-15.4833,-41.4667
"1MG2293",-15.4831,-44.7672
"4MT2294",-15.4692,-57.8942
"1MT2295",-15.4689,-55.7289
"0MG2296",-15.4611,-43.2889
"4MT2297",-15.44,-58.5878
"5BA2298",-15.4253,-39.4928
,-15.4078,-55.2967
"4MT2300",-15.4003,-60.0317
"1GO2301",-15.3731,-50.5
"1MT2302",-15.3656,-55.4369
,-15.355,-56.2317
"0MG2304",-15.3411,-43.6753
"5BA2305",-15.3408,-40.9328
"1GO2306",-15.3292,-49.1217
"1MT2307",-15.3258,-57.2311
"1MG2308",-15.3178,-44.2667
"5MG2309",-15.3167,-42.0228
,-15.3167,-42.0167
"1MT2311",-15.3147,-54.1758
,-15.3,-42.1833
"1MG2313",-15.295,-45.6267
"1GO2314",-15.2753,-49.5519
,-15.2736,-40.9514
"1MT2316",-15.2503,-53.0553
"1GO2317",-15.2461,-51.1633
"1MG2318",-15.2447,-45.3172
"1MT2319",-15.2328,-55.7411
"1GO2320",-15.2328,-47.5739
"4MT2321",-15.2242,-59.3503
,-15.2161,-47.1569
,-15.2156,-46.0306
"1MT2324",-15.2067,-56.3656
,-15.1678,-48.2794
,-15.1667,-42.5
"5BA2327",-15.1544,-39.7692
"5BA2328",-15.1389,-39.7242
"0MG2329",-15.0861,-43.1192
"5BA2330",-15.0861,-39.3422
,-15.0833,-43.1167
"4MT2332",-15.0767,-57.1825
"1GO2333",-15.0631,-48.1664
"1MT2334",-15.0356,-52.2375
"1MG2335",-15.0314,-46.2922
"0MG2336",-15.0225,-44.0536
"1GO2337",-15.0206,-49.8917
"4MT2338",-15.0081,-59.9492
"1GO2339",-14.9739,-48.6736
,-14.96,-57.4686
"5BA2341",-14.9589,-39.8075
,-14.9431,-41.7186
,-14.9333,-43.7
"1GO2344",-14.9275,-51.0828
"1MT2345",-14.9261,-54.9728
"5BA2346",-14.8694,-39.5883
,-14.8667,-43.9167
"5BA2348",-14.8597,-39.6583
"1GO2349",-14.8525,-48.7642
,-14.8506,-57.7678
"1MT2351",-14.8439,-55.855
"1MG2352",-14.8361,-45.1733
"1MT2353",-14.8342,-56.4117
"5BA2354",-14.8103,-39.4714
"1MT2355",-14.81,-55.2764
"1GO2356",-14.8039,-46.2533
"1GO2357",-14.7969,-49.1722
,-14.7864,-43.5514
"1MT2359",-14.7772,-55.2333
"0MG2360",-14.7711,-42.8875
,-14.7667,-43.9333
,-14.7667,-42.8833
"1GO2363",-14.7611,-49.5803
"1BA2364",-14.7603,-42.6561
"0MG2365",-14.7567,-43.9322
"1MG2366",-14.7475,-44.4111
,-14.7444,-40.4917
"1GO2368",-14.7414,-50.5772
"1GO2369",-14.7072,-47.5236
,-14.6778,-39.3894
"1MT2371",-14.6722,-52.3547
"1MT2372",-14.6525,-56.1239
"1MT2373",-14.6119,-53.9986
,-14.6094,-41.1342
"4MT2375",-14.5847,-57.925
"1GO2376",-14.5694,-48.1589
"1GO2377",-14.5553,-49.1394
"1GO2378",-14.5489,-48.1653
"1GO2379",-14.5325,-49.9628
"1GO2380",-14.475,-48.4583
"4MT2381",-14.4694,-59.5939
"4MT2382",-14.4694,-56.85
"4MT2383",-14.4511,-56.8142
,-14.45,-47.0458
"1GO2385",-14.4336,-49.7167
"1MG2386",-14.4311,-44.4817
,-14.4308,-41.0775
"1MT2388",-14.4178,-54.0494
,-14.4108,-42.8658
,-14.4058,-56.4464
,-14.4,-42.6333
,-14.3842,-58.2344
,-14.3372,-40.9089
"1GO2394",-14.3328,-50.7303
,-14.3267,-39.4686
"1MG2396",-14.3136,-44.4603
"1BA2397",-14.3044,-43.7681
"1BA2398",-14.2806,-44.4094
,-14.27,-42.2578
"1BA2400",-14.2683,-44.5217
"1MG2401",-14.2658,-44.1572
"0BA2402",-14.2594,-43.1656
"1GO2403",-14.2403,-48.0214
"1MT2404",-14.2206,-55.5067
"4MT2405",-14.1833,-57.5069
,-14.1803,-44.5308
"5BA2407",-14.1708,-39.6897
"4MT2408",-14.1564,-56.9331
,-14.1506,-48.0783
"1GO2410",-14.1347,-47.5117
"0BA2411",-14.0994,-41.2911
"1GO2412",-14.0972,-50.3328
"1MT2413",-14.0881,-51.6989
"1MT2414",-14.0764,-52.1503
"0BA2415",-14.0339,-40.9675
,-14.0222,-48.6111
,-13.9889,-47.9283
,-13.9297,-41.8992
,-13.9167,-43.55
"1MT2420",-13.91,-58.8981
"1MT2421",-13.8836,-52.4128
"0BA2422",-13.8822,-40.1403
"1GO2423",-13.8725,-49.0714
"1MT2424",-13.8419,-53.2417
"1GO2425",-13.82,-48.3239
"1MT2426",-13.8156,-56.1222
"0BA2427",-13.8128,-41.3019
"5BA2428",-13.8106,-39.1692
,-13.7969,-47.4617
,-13.79,-48.5669
"4MT2431",-13.7781,-59.7675
,-13.7667,-41.0333
"1BA2433",-13.7519,-46.14
"1GO2434",-13.7425,-46.8775
,-13.7342,-45.4033
"4MT2436",-13.7306,-60.5883
"1BA2437",-13.7106,-44.6325
"1MT2438",-13.7053,-52.0267
"1MT2439",-13.6922,-57.8944
"1GO2440",-13.6894,-50.7961
"1GO2441",-13.6858,-46.5656
"5BA2442",-13.6847,-39.4789
"1MT2443",-13.6414,-58.2892
,-13.6011,-39.4917
"5BA2445",-13.5967,-39.1247
"1MT2446",-13.57,-53.0744
"5BA2447",-13.5669,-39.0019
"1BA2448",-13.5667,-44.3061
"1MT2449",-13.5564,-55.3317
"1GO2450",-13.5508,-46.4672
,-13.5331,-48.1381
,-13.5331,-48.2269
"1GO2453",-13.5286,-50.1881
,-13.5128,-48.745
,-13.5042,-40.7486
"1MT2456",-13.4956,-52.4544
,-13.4797,-61.0464
"1MT2458",-13.4667,-58.975
"1BA2459",-13.4508,-44.5656
"4MT2460",-13.4483,-54.2811
"1GO2461",-13.4253,-47.1392
"1GO2462",-13.4097,-49.1564
"1BA2463",-13.4006,-44.1975
"1GO2464",-13.3975,-46.3158
"5BA2465",-13.3672,-39.0772
"4MT2466",-13.3417,-54.0772
"1BA2467",-13.3364,-44.6522
,-13.3286,-50.1994
"1GO2469",-13.3125,-46.0631
,-13.2975,-39.8214
,-13.2925,-43.9092
"0BA2472",-13.2842,-41.3953
,-13.2822,-41.3947
"1BA2474",-13.2778,-44.5589
"1GO2475",-13.2447,-49.5017
"5BA2476",-13.225,-39.5042
,-13.2167,-40.5833
"4RO2478",-13.1967,-60.8233
,-13.1961,-44.1533
"4MT2480",-13.1831,-59.8769
,-13.1333,-40.7667
"4RO2482",-13.1142,-60.5483
"1GO2483",-13.1028,-49.2014
,-13.0847,-43.4661
"4MT2485",-13.0661,-57.1133
"1TO2486",-13.0419,-48.4069
"1GO2487",-13.0367,-46.7769
"5BA2488",-13.0308,-39.0322
,-13.0222,-40.0681
"5BA2490",-13.0167,-38.8833
"0BA2491",-13.0075,-41.37
"5BA2492",-13.0025,-38.6431
"1BA2493",-12.9936,-44.8061
"0BA2494",-12.99,-40.9633
,-12.9833,-44.05
"1MT2496",-12.9806,-56.3156
"4MT2497",-12.9397,-51.8264
"0BA2498",-12.9347,-41.0658
"1TO2499",-12.9311,-49.8294
"0BA2500",-12.9292,-40.225
,-12.9,-39.85
"1MT2502",-12.8675,-58.0703
"1BA2503",-12.8669,-43.3814
,-12.8514,-62.8992
"1GO2505",-12.8206,-50.3361
,-12.8131,-54.7517
"1MT2507",-12.805,-51.0194
"0BA2508",-12.8017,-41.3275
"4MT2509",-12.7978,-54.2486
"0BA2510",-12.77,-41.5392
"1BA2511",-12.7692,-43.9575
,-12.7667,-43.95
,-12.7664,-41.5361
"1BA2514",-12.7653,-45.9439
"0BA2515",-12.7622,-40.2108
,-12.7167,-39.8667
,-12.7139,-46.4086
"1BA2518",-12.6636,-45.0194
,-12.6617,-44.285
,-12.6031,-38.1375
"4RO2521",-12.6014,-62.1783
,-12.6,-42.5167
"1TO2523",-12.585,-47.4867
"5BA2524",-12.585,-39.5183
,-12.5703,-38.0567
,-12.55,-42.0667
"4MT2527",-12.5178,-54.9125
"0BA2528",-12.4975,-41.2961
,-12.4878,-61.0464
"1TO2530",-12.4836,-49.1244
,-12.4667,-42.2333
"1BA2532",-12.4306,-45.0858
,-12.4269,-64.4225
"1TO2534",-12.4181,-49.59
"1TO2535",-12.4156,-47.1997
"1BA2536",-12.4114,-45.1203
"1BA2537",-12.3892,-44.9322
"1TO2538",-12.3875,-48.7108
"4MT2539",-12.3658,-54.4892
,-12.3161,-42.8956
,-12.3069,-44.5344
,-12.3061,-42.0919
"5BA2543",-12.3003,-38.6439
,-12.2903,-50.9656
"0BA2545",-12.2525,-41.6156
"0BA2546",-12.2519,-42.7628
"5BA2547",-12.2514,-38.515
,-12.2325,-47.3244
"5BA2549",-12.2103,-38.2006
"4RO2550",-12.2092,-61.6286
,-12.1997,-43.8317
"1BA2552",-12.1806,-43.2233
"4MT2553",-12.1642,-51.6969
"1BA2554",-12.1347,-45.1042
"5BA2555",-12.1303,-37.9417
"1BA2556",-12.1256,-45.8108
"4MT2557",-12.1164,-58.0003
"1TO2558",-12.0986,-49.9475
"1TO2559",-12.0908,-46.4794
,-12.0625,-42.2322
,-12.0603,-59.6503
"5BA2562",-12.0575,-37.7564
"0BA2563",-12.0192,-41.0547
"4RO2564",-12.0153,-60.855
"0BA2565",-12.0036,-42.6283
"1BA2566",-11.9794,-44.8772
,-11.9292,-54.9981
"1BA2568",-11.8961,-45.6119
"0BA2569",-11.8656,-40.5178
"1BA2570",-11.8525,-45.1222
,-11.845,-59.3394
"1TO2572",-11.8394,-49.7717
"0BA2573",-11.8383,-40.7722
"1TO2574",-11.7972,-49.525
"0BA2575",-11.7828,-38.3481
"5BA2576",-11.7683,-37.8036
,-11.7667,-41.8833
"4RO2578",-11.7497,-61.7764
"4RO2579",-11.7489,-60.8678
"1TO2580",-11.7372,-49.1361
"4MT2581",-11.73,-51.9889
"4MT2582",-11.7178,-58.0472
"4MT2583",-11.715,-57.0419
"1TO2584",-11.6969,-47.7283
"4MT2585",-11.6914,-55.4486
"4RO2586",-11.6836,-61.1922
"1MT2587",-11.6747,-51.3764
"0BA2588",-11.655,-37.9369
"4MT2589",-11.6511,-55.7025
"1TO2590",-11.6253,-46.8106
"1MT2591",-11.6197,-50.6625
"1BA2592",-11.6139,-44.1575
"1TO2593",-11.61,-47.045
"1TO2594",-11.5789,-47.1739
"0BA2595",-11.5633,-43.2753
"0BA2596",-11.5533,-40.6
,-11.55,-41.9667
"5BA2598",-11.5419,-37.5661
"4MT2599",-11.5358,-57.4172
"1TO2600",-11.5314,-48.2947
"4MT2601",-11.5242,-54.3589
,-11.5167,-40.7833
"1BA2603",-11.5119,-45.0419
"0BA2604",-11.4742,-39.7847
"4MT2605",-11.4714,-56.4333
,-11.4603,-45.6153
,-11.4408,-61.4839
"0BA2608",-11.4325,-40.6044
"0BA2609",-11.4106,-40.3036
,-11.4081,-58.7186
"4MT2611",-11.3933,-52.235
,-11.3667,-64.8864
,-11.3667,-41.6
"0BA2614",-11.3561,-42.2736
"4MT2615",-11.3417,-58.3383
"1BA2616",-11.3414,-43.8278
"1TO2617",-11.3389,-49.2653
"0BA2618",-11.3286,-42.305
"0BA2619",-11.3,-41.8667
"5SE2620",-11.2667,-37.4431
"0BA2621",-11.2556,-39.3817
"4MT2622",-11.2531,-57.5067
"0BA2623",-11.2425,-39.7886
"0BA2624",-11.2303,-39.9658
"1MT2625",-11.2203,-50.8072
"1MT2626",-11.2192,-50.6686
"4RO2627",-11.1969,-61.5281
,-11.1892,-40.2664
"0BA2629",-11.1669,-40.6692
"1BA2630",-11.1544,-45.0092
"1TO2631",-11.1403,-47.5767
"0BA2632",-11.0981,-38.5131
"0BA2633",-11.0956,-39.5231
"0BA2634",-11.0936,-40.4325
"1BA2635",-11.0847,-43.1386
"4AC2636",-11.0833,-68.8667
"0BA2637",-11.0631,-38.8353
,-11.05,-45.2
"1BA2639",-11.0478,-45.2019
,-11.0333,-38.4333
"5SE2641",-11.0303,-37.4783
"4AC2642",-11.0233,-68.735
,-11.0167,-41.8833
,-11.0094,-44.8658
"1BA2645",-11.0061,-44.5256
,-11.0036,-62.6561
"4MT2647",-11.0028,-54.8053
"1BA2648",-10.9925,-45.5267
"0BA2649",-10.9864,-42.3422
,-10.9856,-40.7481
"0BA2651",-10.9742,-39.6328
"4MT2652",-10.9542,-55.5486
"4AC2653",-10.9436,-69.5656
"5SE2654",-10.9417,-37.345
,-10.9333,-40.4
"5SE2656",-10.9167,-37.05
,-10.89,-40.6997
,-10.8814,-57.5811
"4MT2659",-10.8672,-51.6306
"0BA2660",-10.8444,-40.1117
"4MT2661",-10.8342,-58.8033
,-10.8233,-38.5458
"0BA2663",-10.8217,-38.5444
"4MT2664",-10.8072,-52.7461
"0BA2665",-10.8025,-40.38
"4MT2666",-10.7986,-55.4486
"4RO2667",-10.7925,-65.3478
"0BA2668",-10.7822,-39.2067
"0BA2669",-10.7747,-39.5581
"1TO2670",-10.7636,-48.9022
"1TO2671",-10.7553,-47.7647
,-10.7508,-47.5361
"4MT2673",-10.7461,-54.5461
"1TO2674",-10.7344,-49.8564
"1TO2675",-10.7167,-48.4167
,-10.6994,-44.4508
"0BA2677",-10.6961,-38.57
"5SE2678",-10.6528,-37.1928
"0BA2679",-10.6514,-39.7211
"4AC2680",-10.6497,-68.5067
,-10.6397,-58.0039
"4MT2682",-10.6044,-55.1033
,-10.6,-40.95
"4MT2684",-10.5886,-58.8678
,-10.5833,-45.2833
"5SE2686",-10.5781,-36.9156
,-10.5758,-67.6767
"1BA2688",-10.5622,-45.695
"4MT2689",-10.5533,-52.1806
,-10.5464,-46.4186
"4MT2691",-10.5392,-53.6089
"4RO2692",-10.5169,-62.0014
"4RO2693",-10.505,-63.6461
"5SE2694",-10.4833,-37.0667
"1MT2695",-10.4611,-50.5125
,-10.45,-45.15
"4RO2697",-10.4458,-62.4656
"1TO2698",-10.4411,-49.1792
"4MT2699",-10.4344,-60.5572
"5AL2700",-10.4064,-36.4261
,-10.4053,-36.4219
"0BA2702",-10.3947,-40.1147
"4MT2703",-10.3894,-56.4172
,-10.3614,-39.5094
"4AC2705",-10.3242,-67.1886
,-10.3225,-41.8306
"1TO2707",-10.3133,-48.1625
"4MT2708",-10.3125,-58.5017
"5AL2709",-10.285,-36.5564
"4RO2710",-10.2364,-62.3458
"4RO2711",-10.2364,-62.6272
,-10.2167,-44.6333
,-10.2167,-36.8333
,-10.2153,-36.8239
"4MT2715",-10.1753,-59.4517
"1TO2716",-10.1653,-48.8906
,-10.1167,-36.65
"4MT2718",-10.1125,-55.57
,-10.0667,-67.9333
,-10.0333,-43.95
"0AL2721",-10.0314,-36.3039
"4MT2722",-10.0189,-51.1228
,-10.0122,-37.8939
,-10.0097,-40.6908
,-9.9906,-47.4786
"4MT2726",-9.9769,-57.4739
"4AC2727",-9.9758,-67.8
"0AL2728",-9.9728,-37.0033
,-9.9703,-49.9936
"1TO2730",-9.9606,-47.6747
,-9.95,-45.4833
"4MT2732",-9.9417,-57.1331
"4RO2733",-9.9317,-63.0569
,-9.9222,-39.7044
"4AC2735",-9.8881,-67.1392
,-9.8872,-62.9881
"4RO2737",-9.8872,-62.9878
"4MT2738",-9.8703,-56.1022
"4MT2739",-9.8564,-58.2489
,-9.8286,-36.5094
"4MT2741",-9.8186,-54.8864
,-9.8022,-41.7833
"1TO2743",-9.8011,-49.6564
,-9.7833,-45.0333
,-9.77,-39.8764
"4RO2746",-9.7608,-63.2875
"4RO2747",-9.7556,-66.6117
"0AL2748",-9.7525,-37.4467
,-9.75,-44.8667
,-9.7447,-37.1025
,-9.7372,-39.6292
"5AL2752",-9.7164,-35.8917
,-9.7031,-65.3647
,-9.7,-45.3833
"4MT2755",-9.6939,-56.4742
"4RO2756",-9.6814,-61.9789
"0BA2757",-9.6767,-40.6039
,-9.65,-37.7667
"4MT2759",-9.6433,-56.0186
"0AL2760",-9.6261,-37.7561
"1TO2761",-9.6244,-49.1553
"1TO2762",-9.5972,-46.6728
"4RO2763",-9.5864,-62.3939
,-9.5833,-35.8167
"4AC2765",-9.5667,-68.2833
"4MT2766",-9.5664,-57.3947
"1TO2767",-9.5642,-48.3875
"0BA2768",-9.5597,-40.6467
,-9.5569,-39.4736
"4PA2770",-9.5353,-50.8608
,-9.5333,-36.4333
,-9.5164,-64.8122
,-9.5072,-36.0233
,-9.5008,-67.2822
"0BA2775",-9.4908,-40.2044
,-9.4833,-35.8333
"5AL2777",-9.4675,-35.8564
"4RO2778",-9.4667,-63.25
,-9.4667,-37.4667
"1TO2780",-9.4575,-47.3269
"4MT2781",-9.4561,-58.2242
,-9.45,-36.3833
"0PE2783",-9.4056,-40.5033
"4AC2784",-9.4017,-72.7025
,-9.4,-37
"0AL2786",-9.3928,-37.9942
"5AL2787",-9.3792,-36.2492
"0AL2788",-9.3728,-37.2453
,-9.3672,-37.2292
,-9.3667,-42.7833
"5AL2791",-9.3192,-36.4731
"5AL2792",-9.3136,-35.9497
"1TO2793",-9.3069,-47.9292
,-9.3,-46.7
,-9.3,-36.1333
,-9.2833,-35.7167
,-9.27,-49.9589
"4RO2798",-9.2606,-63.1619
"1TO2799",-9.2572,-49.0642
,-9.2333,-35.35
,-9.2333,-35.4833
,-9.2275,-50.2108
,-9.1833,-37.4333
,-9.1792,-62.9531
"5AL2805",-9.1689,-36.2197
,-9.1667,-36.2167
,-9.1667,-35.5167
"5AL2808",-9.1544,-36.0358
,-9.15,-42.9833
"0BA2810",-9.1225,-39.9364
"1MA2811",-9.1131,-45.9261
"4AC2812",-9.1103,-68.9933
"0PE2813",-9.1056,-37.1317
,-9.0667,-35.4
,-9.0439,-68.5772
,-9.0167,-41.9667
,-9.0167,-35.2333
"5AL2818",-9.0042,-36.0511
"0PE2819",-8.9989,-40.2731
"4AC2820",-8.9353,-72.785
"4RO2821",-8.9322,-62.0556
"0AL2822",-8.9208,-37.8306
"4AC2823",-8.8842,-69.2681
,-8.8833,-38.2167
"4MT2825",-8.8703,-57.4164
,-8.8667,-36.9667
"5AL2827",-8.8419,-35.4475
"1TO2828",-8.8319,-48.8172
"1MA2829",-8.8211,-45.9681
"1PI2830",-8.8131,-44.2156
"1MA2831",-8.8128,-46.0781
"0PE2832",-8.8042,-39.8225
"1TO2833",-8.8022,-49.5556
,-8.7667,-63.9167
"0PE2835",-8.765,-38.9606
"1TO2836",-8.7375,-47.2417
,-8.7356,-67.4003
,-8.6858,-70.5511
"5PE2839",-8.6794,-35.5772
"4PA2840",-8.6603,-50.4442
,-8.6514,-71.5683
"5PE2842",-8.6375,-35.3056
"0PE2843",-8.6231,-39.2392
,-8.6167,-36.7
"0PE2845",-8.6161,-39.9994
"0PE2846",-8.6064,-38.5786
"4TO2847",-8.5739,-48.6903
"0PE2848",-8.5392,-38.1928
"0PE2849",-8.5203,-39.6408
,-8.4333,-37.4167
,-8.4,-41.8167
"1TO2852",-8.3992,-48.1303
"1TO2853",-8.3917,-47.7628
,-8.3833,-38.3333
"0PE2855",-8.3656,-36.5603
"4PA2856",-8.3464,-51.4428
,-8.3344,-65.7194
"1MA2858",-8.3175,-45.9678
,-8.3028,-36.0108
"5PE2860",-8.2792,-35.0633
,-8.2675,-72.7344
"0PE2862",-8.2628,-39.8472
"4AM2863",-8.25,-67.3667
"0PE2864",-8.2397,-38.5278
"4AC2865",-8.235,-73.3006
,-8.2,-43.7
,-8.1894,-36.7069
"4PA2868",-8.1872,-55.1194
,-8.1833,-37.9167
"0PE2870",-8.1778,-39.7314
,-8.1636,-70.3564
,-8.15,-37.4833
"0PE2873",-8.1456,-36.3703
"5PE2874",-8.1408,-35.3997
,-8.1333,-44.4167
,-8.1333,-41.15
,-8.1167,-42.95
,-8.1136,-35.2839
"1MA2879",-8.1014,-45.5875
,-8.0978,-63.6475
"0PE2881",-8.0922,-39.5742
"5PE2882",-8.0794,-34.9036
"1TO2883",-8.0528,-48.4817
,-8.05,-44.4667
"5PE2885",-8.05,-34.9167
"4PA2886",-8.0439,-50.0006
,-8.0178,-72.0347
"0PE2888",-8.0119,-35.6961
"0PI2889",-8.0056,-41.5014
"0PE2890",-8.0006,-38.2447
,-8,-35.2908
,-7.9986,-35.0319
"0PE2893",-7.9864,-36.5006
,-7.9711,-46.8064
"5PE2895",-7.9681,-35.1567
"0PE2896",-7.9619,-36.2022
"4AC2897",-7.9511,-71.4822
"0PE2898",-7.9428,-35.6342
,-7.9333,-43.2167
,-7.9333,-40.8833
"1MA2901",-7.9286,-45.9886
,-7.91,-35.9886
"0PE2903",-7.9039,-36.0469
,-7.9,-41.5667
"5PE2905",-7.8942,-35.1733
"5PE2906",-7.8789,-35.4519
"4TO2907",-7.8778,-48.8786
"0PE2908",-7.8678,-37.9725
"1TO2909",-7.8594,-47.9289
"0PE2910",-7.8547,-35.7644
,-7.8503,-72.0192
,-7.85,-41.9167
"5PE2913",-7.8428,-35.1825
,-7.8333,-41.1167
"4PA2915",-7.8283,-50.8289
"4AM2916",-7.8228,-61.2442
,-7.8167,-42.9333
"0CE2918",-7.8167,-39.0667
"4AM2919",-7.8028,-62.3478
,-7.8,-42.5
,-7.7389,-37.6483
,-7.7333,-42.25
"4AM2923",-7.7172,-66.9847
"1TO2924",-7.7147,-47.315
,-7.7053,-60.5783
,-7.7025,-66.0514
,-7.6833,-44.6
"0CE2928",-7.6833,-39
,-7.6667,-41.25
"4TO2930",-7.6553,-49.065
,-7.6333,-43.95
,-7.6308,-62.6633
,-7.6,-43.0333
"0CE2934",-7.5833,-39.2
"0CE2935",-7.5833,-39.2833
,-7.5667,-44.7167
"4TO2937",-7.5606,-48.4228
"1PI2938",-7.5572,-45.2444
,-7.55,-67.5592
"0CE2940",-7.5333,-39.1167
"0CE2941",-7.5333,-38.8333
"0PB2942",-7.5283,-35.9997
"1MA2943",-7.5233,-46.0339
,-7.5189,-65.35
,-7.5153,-63.0286
"4PA2946",-7.5108,-55.2636
"4PA2947",-7.5061,-50.0447
"0CE2948",-7.4911,-38.9833
,-7.4833,-42.5667
"0PI2950",-7.4497,-41.4775
"4AC2951",-7.4356,-73.6522
,-7.4281,-70.0225
,-7.4167,-43.1833
,-7.4,-39.2
"0CE2955",-7.4,-39.1333
,-7.3856,-73.085
"0CE2957",-7.3833,-38.7667
"1MA2958",-7.3747,-45.6078
,-7.3667,-41.1333
,-7.3667,-39.05
"4PA2961",-7.3511,-50.4081
,-7.3389,-58.155
"0CE2963",-7.3333,-39.3
"0CE2964",-7.3333,-38.6667
"1MA2965",-7.3314,-46.3075
"4TO2966",-7.3231,-49.2242
"1MA2967",-7.3231,-47.4644
,-7.3167,-42.7833
"0CE2969",-7.3,-38.9333
"0CE2970",-7.2997,-38.9847
,-7.2828,-40.4669
,-7.2667,-70.9833
,-7.2667,-43.9333
,-7.25,-42.55
"0CE2975",-7.25,-39.1333
"0PI2976",-7.2464,-42.5419
"1PI2977",-7.2453,-43.6444
"4AM2978",-7.2358,-72.3336
,-7.2333,-44.55
"0CE2980",-7.2333,-39.4167
"0CE2981",-7.2333,-39.4
"0PB2982",-7.2175,-36.8289
"0CE2983",-7.2167,-39.3167
"0PB2984",-7.2142,-37.9258
,-7.205,-60.6436
,-7.2008,-59.8922
,-7.2,-40.2
"0CE2988",-7.2,-40.1333
"0CE2989",-7.1833,-39.7333
,-7.1811,-41.7642
"0CE2991",-7.1667,-38.7667
"0CE2992",-7.1667,-38.9167
"1MA2993",-7.1578,-46.5544
,-7.1544,-48.6031
"1MA2995",-7.1386,-45.3478
,-7.1333,-40.9
"5PB2997",-7.13,-35.0475
"0CE2998",-7.1,-40.0167
"0CE2999",-7.1,-39.6833
"5PB3000",-7.1,-34.8667
"4PA3001",-7.0986,-49.9597
,-7.0833,-43.5167
,-7.0833,-40.6167
"1MA3004",-7.0814,-44.8125
"0CE3005",-7.0667,-40.3667
"4PA3006",-7.0606,-55.4078
,-7.0508,-71.6842
"0CE3008",-7.05,-39.8667
,-7.05,-38.7
,-7.0333,-39.4667
"0CE3011",-7.0333,-39.2833
"0PB3012",-7.0294,-35.4681
,-7.0167,-42.1333
,-7.0083,-62.7872
"0CE3015",-7,-39.7333
,-6.9833,-41.1167
"0PI3017",-6.9733,-42.1061
"4PA3018",-6.9678,-56.4728
,-6.9667,-42.6667
"0CE3020",-6.95,-39.1667
,-6.95,-38.9667
"4AM3022",-6.9333,-60.5167
"0CE3023",-6.9167,-39.5667
,-6.9,-41.3167
"0CE3025",-6.9,-40.1667
,-6.8833,-39.2167
"4TO3027",-6.8692,-49.0986
"0CE3028",-6.8667,-40.3667
,-6.8667,-39.3833
"0CE3030",-6.8667,-39.8667
"0CE3031",-6.85,-38.7333
"1MA3032",-6.8442,-45.1092
"1TO3033",-6.8392,-47.9706
,-6.8333,-40.6167
"1MA3035",-6.8183,-46.3336
,-6.8167,-43.5
,-6.8167,-41.7333
,-6.8167,-39.5167
"0CE3039",-6.8167,-38.9667
,-6.8153,-50.5389
"4AM3041",-6.8,-70.65
"4PA3042",-6.8,-56.7333
"0CE3043",-6.8,-39.3
,-6.7953,-59.0408
"4PA3045",-6.7947,-49.5486
"0CE3046",-6.7833,-39.9833
"0CE3047",-6.7833,-38.8
"0CE3048",-6.7833,-38.7167
"0CE3049",-6.7667,-40.05
"0CE3050",-6.7628,-38.9606
"1MA3051",-6.7619,-43.0264
"0CE3052",-6.75,-38.9667
"4PA3053",-6.7444,-51.1492
"0PB3054",-6.7353,-38.4481
,-6.7333,-38.7167
"4PA3056",-6.7025,-51.7986
,-6.6828,-39.75
,-6.6722,-48.4703
"4PA3059",-6.6714,-55.4958
,-6.6667,-41.7
"0CE3061",-6.65,-40.5167
"0CE3062",-6.6461,-39.9594
,-6.6333,-42.6833
,-6.6333,-41.2833
"0CE3065",-6.6333,-39.3167
"0CE3066",-6.6333,-38.7
"0PI3067",-6.6183,-42.6939
"4AM3068",-6.6167,-69.1333
"0MA3069",-6.61,-43.4011
,-6.6,-39.6333
"0CE3071",-6.6,-39.0667
"0PB3072",-6.5983,-35.5292
"0RN3073",-6.5936,-36.785
,-6.5667,-42.2167
"0CE3075",-6.5667,-40.1167
,-6.5389,-64.3858
"0CE3077",-6.5333,-39.9
"0CE3078",-6.5333,-39.5
"0CE3079",-6.5167,-39.5167
"0CE3080",-6.4667,-39.1167
"0RN3081",-6.4622,-37.3025
"0RN3082",-6.4511,-37.0906
"4AM3083",-6.4417,-68.2439
,-6.4333,-40.7167
,-6.4333,-39.3333
"4PA3086",-6.4278,-49.4197
"4TO3087",-6.4131,-48.5333
"0CE3088",-6.4089,-38.8636
,-6.4,-42.2833
,-6.4,-41.75
"0CE3091",-6.4,-39.4
"0CE3092",-6.4,-38.85
"0CE3093",-6.3833,-39.3
"0CE3094",-6.3744,-39.2933
"1MA3095",-6.3692,-44.3594
"0CE3096",-6.3667,-39.3
,-6.3639,-48.0725
,-6.3606,-61.7667
,-6.35,-39.6667
"0CE3100",-6.3333,-38.7333
"0RN3101",-6.3286,-35.6958
"0CE3102",-6.3264,-40.1589
"0CE3103",-6.3167,-40.15
"0CE3104",-6.3167,-39.0333
"1TO3105",-6.2886,-47.3919
,-6.2575,-55.7733
,-6.25,-42.85
,-6.25,-41.4333
"0CE3109",-6.25,-39.75
"0CE3110",-6.25,-39.2667
"0CE3111",-6.25,-38.9167
,-6.2478,-61.8392
"0RN3113",-6.2428,-35.9947
,-6.2358,-57.7756
,-6.2333,-42.6833
"0CE3116",-6.2333,-39.1833
"0CE3117",-6.2167,-40.7
,-6.2167,-38.6667
"0RN3119",-6.2128,-38.4256
,-6.2022,-54.0728
"0CE3121",-6.2,-39.3167
,-6.2,-38.5333
"1MA3123",-6.1928,-46.2689
,-6.1833,-40.15
,-6.1833,-39.4167
"1MA3126",-6.1747,-43.7792
"0CE3127",-6.1333,-39.8667
,-6.1167,-41.7833
"0CE3129",-6.1167,-39.45
"4PA3130",-6.1053,-49.3775
"5RN3131",-6.0853,-35.2486
,-6.0833,-39.7333
"1MA3133",-6.0669,-44.7144
,-6.0667,-40.8
"0CE3135",-6.05,-38.35
"0CE3136",-6.05,-38.6167
"0CE3137",-6.05,-38.4667
,-6.0392,-45.9206
"1MA3139",-6.0275,-44.2539
"0CE3140",-6.0167,-40.2833
"1MA3141",-6.0103,-44.3444
"1MA3142",-6.0022,-45.3942
"4AM3143",-6.0003,-60.1878
,-6,-38.5
"0PI3145",-5.9756,-43.0617
"1MA3146",-5.97,-43.4158
"4AM3147",-5.9533,-64.3164
,-5.9347,-50.0692
,-5.9347,-49.6767
,-5.9333,-42.7333
,-5.9333,-42.1167
,-5.9167,-39.2667
"0CE3153",-5.9022,-38.6314
"0CE3154",-5.9,-40.7
"0CE3155",-5.9,-38.6167
,-5.8936,-67.8569
"1MA3157",-5.8842,-46.7019
"0RN3158",-5.8672,-37.3147
,-5.8667,-41.05
"0CE3160",-5.8667,-38.3833
,-5.8458,-35.5233
,-5.8167,-41.9667
"0CE3163",-5.8167,-39.4167
"0CE3164",-5.8167,-38.3
"4PA3165",-5.8031,-49.1833
,-5.8,-39.25
"0CE3167",-5.7833,-38.2167
,-5.7667,-35.2
,-5.7611,-42.6667
"0CE3170",-5.75,-40.1167
"0CE3171",-5.75,-39.6167
,-5.7275,-45.3131
"4AM3173",-5.7219,-63.5108
,-5.7167,-41.7
"1MA3175",-5.7092,-43.5872
"0CE3176",-5.7,-39.0167
,-5.7,-38.1667
"0CE3178",-5.6833,-38.2833
"0CE3179",-5.6828,-39.2
,-5.6675,-42.2061
,-5.6511,-39.8442
"4PA3182",-5.6503,-54.5208
"0CE3183",-5.65,-38.6167
"4TO3184",-5.6483,-48.125
"0RN3185",-5.6436,-37.2553
"0RN3186",-5.6319,-36.9161
"0CE3187",-5.62,-38.77
"1MA3188",-5.6044,-46.2386
"1MA3189",-5.5944,-47.0192
"0RN3190",-5.5933,-37.6842
,-5.5892,-60.3736
,-5.5833,-42.6167
"0CE3193",-5.5833,-39.3667
,-5.5831,-64.3353
"0CE3195",-5.58,-39.3681
"0PI3196",-5.5728,-43.0242
"0CE3197",-5.5667,-40.3333
,-5.5386,-40.7739
"0CE3199",-5.5167,-38.25
"4PA3200",-5.5,-55.8333
,-5.5,-41.3333
,-5.5,-41.9167
,-5.485,-40.2117
"1MA3204",-5.4844,-43.3586
,-5.4844,-40.4328
"0CE3206",-5.4833,-38.8833
"0CE3207",-5.4669,-38.4075
,-5.4608,-67.4058
,-5.45,-42.3667
,-5.45,-40.4833
,-5.45,-39.7333
"0CE3212",-5.45,-39.7167
"0RN3213",-5.45,-37.515
"0CE3214",-5.4333,-40.85
"1MA3215",-5.4197,-44.9283
"1MA3216",-5.405,-44.3356
"0CE3217",-5.4,-40.6333
"0CE3218",-5.3936,-40.3128
"4AM3219",-5.3808,-68.9983
,-5.3667,-42.7
"4PA3221",-5.3656,-49.125
,-5.3333,-41.5667
"0CE3223",-5.3333,-39.5
"0CE3224",-5.3167,-38.9167
"4AM3225",-5.2964,-60.7006
"0RN3226",-5.2889,-37.2889
,-5.2833,-39.1333
"0CE3228",-5.2833,-38.2667
,-5.2667,-38.35
"4TO3230",-5.2597,-48.2069
"0RN3231",-5.2572,-36.7233
"0CE3232",-5.25,-38.1333
"0CE3233",-5.2333,-40.9167
"0PI3234",-5.2247,-41.7369
"0CE3235",-5.2247,-38.2006
"0RN3236",-5.2194,-37.3622
"0CE3237",-5.2108,-40.7036
"0CE3238",-5.2017,-40.1778
"0CE3239",-5.2014,-39.2917
"0CE3240",-5.2,-40.6667
"0CE3241",-5.2,-39.2833
"0CE3242",-5.1833,-38.0833
"4PA3243",-5.1825,-56.0578
"4PA3244",-5.1542,-56.8556
,-5.15,-39.4667
,-5.1375,-72.8136
"0CE3247",-5.1333,-39.7167
"0CE3248",-5.1333,-38.1
"4PA3249",-5.1289,-49.3242
"4AM3250",-5.1211,-60.3831
,-5.1092,-63.9847
"1MA3252",-5.1014,-44.9608
"0CE3253",-5.1,-38.3667
"1PI3254",-5.0878,-42.7992
,-5.0833,-42.8167
,-5.0833,-40.3
"0CE3257",-5.0667,-38.9
"0CE3258",-5.0667,-37.9833
"4PA3259",-5.0514,-48.6336
"0CE3260",-5.05,-40.9333
,-5.0333,-42.4667
"0CE3262",-4.9833,-40.2
"0CE3263",-4.9667,-39.0333
"0CE3264",-4.9667,-38.6333
"4PA3265",-4.9469,-56.8822
"0CE3266",-4.9333,-37.9667
"4PA3267",-4.9208,-49.0686
"4MA3268",-4.9208,-47.4969
"0CE3269",-4.9167,-38.0833
,-4.8967,-68.6633
"4MA3271",-4.8864,-46.0114
,-4.8833,-40.75
"4AM3273",-4.8667,-65.75
,-4.8667,-38.2167
,-4.8586,-62.8683
,-4.85,-39.5667
"0CE3277",-4.85,-39.2667
"4MA3278",-4.8414,-47.2739
,-4.8392,-66.8506
"0CE3280",-4.8333,-40.3333
"0CE3281",-4.8333,-38.2333
"0CE3282",-4.8333,-37.7833
"4PA3283",-4.8233,-56
,-4.8167,-42.1833
"0CE3285",-4.8167,-38.8167
"4PA3286",-4.8036,-48.0689
"0CE3287",-4.8,-40.0667
,-4.8,-37.4
,-4.7956,-41.0833
"0CE3290",-4.7833,-37.2667
"0CE3291",-4.7667,-38.5
,-4.7586,-54.6394
"4PA3293",-4.7547,-56.0794
,-4.75,-42.5833
"0CE3295",-4.75,-39.9333
"0CE3296",-4.75,-37.9667
"4AM3297",-4.7497,-59.2494
"1MA3298",-4.7428,-45.1806
"4AM3299",-4.7417,-68.135
"4AM3300",-4.7408,-62.1519
"0CE3301",-4.7333,-40.8333
"0CE3302",-4.7333,-40.9167
"0CE3303",-4.7167,-40.5667
,-4.7,-39.3167
"0CE3305",-4.7,-37.5167
"0CE3306",-4.7,-37.3667
"4MA3307",-4.6981,-46.9392
,-4.6833,-38.4
"0CE3309",-4.6833,-37.8167
"4AM3310",-4.6725,-63.6233
"0CE3311",-4.6667,-40.2
"4PA3312",-4.6656,-52.7203
"0CE3313",-4.6564,-38.9431
"0CE3314",-4.65,-39.6667
,-4.6333,-40.0667
,-4.6333,-40.3833
"0CE3317",-4.6275,-40.6167
"1MA3318",-4.6264,-43.4689
"0CE3319",-4.6186,-41.125
"0CE3320",-4.6,-39.5
"4AM3321",-4.5836,-70.2811
,-4.5833,-42.8667
"0CE3323",-4.5833,-38.95
"0CE3324",-4.5833,-38.2167
"1MA3325",-4.5703,-44.605
"0CE3326",-4.5667,-40.8167
"0CE3327",-4.5667,-37.7667
"4MA3328",-4.5606,-45.1256
"4PA3329",-4.55,-56.3
,-4.55,-40.97
"0CE3331",-4.55,-39
"0CE3332",-4.5333,-40.7167
,-4.5333,-39.6167
,-4.5333,-38.55
"4AM3335",-4.5169,-71.6339
,-4.5167,-40.3
"0CE3337",-4.5167,-38.6167
"0CE3338",-4.4975,-38.3606
"0CE3339",-4.4833,-38.6
,-4.4667,-41.95
"0CE3341",-4.4667,-38.9
"1MA3342",-4.4644,-43.9311
"4PA3343",-4.4628,-49.1197
"1MA3344",-4.4542,-43.8772
"0CE3345",-4.45,-38.5
"0CE3346",-4.45,-37.7833
"0CE3347",-4.4333,-40.7833
"1MA3348",-4.4206,-43.6492
,-4.4167,-41.4667
"0CE3350",-4.4167,-40.9167
,-4.4167,-40.4
"0CE3352",-4.4167,-39.05
"0CE3353",-4.4164,-40.9042
"0PI3354",-4.41,-42.1953
"4MA3355",-4.4092,-46.7475
,-4.3914,-59.5983
,-4.3833,-70.9667
"1MA3358",-4.375,-44.3333
,-4.3728,-37.9244
"0CE3360",-4.3678,-40.5356
"0CE3361",-4.3667,-41.05
"0CE3362",-4.3667,-39.3167
"0CE3363",-4.3667,-38.8
"0CE3364",-4.35,-39.3
"4AM3365",-4.3333,-66.5
,-4.3333,-42.55
,-4.3333,-42.0833
"0CE3368",-4.3333,-40.15
"0CE3369",-4.3333,-38.8667
"0CE3370",-4.3167,-40.7
"0CE3371",-4.3167,-39.8167
"4MA3372",-4.3042,-46.4936
"0CE3373",-4.3022,-38.4969
"0CE3374",-4.3,-38.9833
"0CE3375",-4.3,-38.5
,-4.2922,-65.2017
"4PA3377",-4.2911,-47.5653
,-4.2833,-41.7833
"0CE3379",-4.2833,-38.6333
"0CE3380",-4.2667,-38.9333
"0CE3381",-4.2667,-38.0333
,-4.25,-42.3
,-4.25,-40.65
"4MA3384",-4.2406,-45.3581
,-4.24,-49.9542
"0CE3386",-4.2333,-39.1833
"4MA3387",-4.2314,-46.1789
"4AM3388",-4.2308,-58.6714
"0CE3389",-4.2167,-38.1167
"0CE3390",-4.2167,-38.7
"0CE3391",-4.2167,-38.9167
,-4.2,-40.7333
"0CE3393",-4.2,-40.7667
"0CE3394",-4.2,-38.8167
"0CE3395",-4.1833,-40.4833
"0CE3396",-4.1833,-40.3167
"0CE3397",-4.1833,-40.75
"0CE3398",-4.1833,-38.4667
"4PA3399",-4.175,-55.4269
"1PI3400",-4.1672,-42.89
"4AM3401",-4.1667,-60.8
"0CE3402",-4.1667,-40.95
"0CE3403",-4.1667,-38.5833
"1MA3404",-4.1628,-44.1658
"1MA3405",-4.1528,-42.9461
"0CE3406",-4.15,-40.5833
"0CE3407",-4.15,-38.8333
"4AM3408",-4.1344,-70.5489
"0CE3409",-4.1333,-38.2333
"0CE3410",-4.1214,-38.6592
"4PA3411",-4.1197,-47.5483
"0CE3412",-4.1006,-40.1158
"0CE3413",-4.1,-38.4833
"4PA3414",-4.0894,-54.9028
"0CE3415",-4.0833,-39.95
,-4.0833,-39.25
"0CE3417",-4.05,-40.95
"0CE3418",-4.05,-40.8667
"0CE3419",-4.05,-40.75
"0CE3420",-4.05,-39.45
"0CE3421",-4.05,-38.3333
,-4.0333,-38.7167
"1MA3423",-4.0322,-44.4719
"4MA3424",-4.0311,-45.2711
"0CE3425",-4.03,-38.63
,-4.0167,-41.45
,-4.0167,-39.4333
"0CE3428",-4.0167,-38.9333
,-3.9833,-40.7
,-3.9833,-39.5833
"0CE3431",-3.9833,-38.6167
"0CE3432",-3.9667,-39.5333
"4PA3433",-3.9664,-54.6419
"0CE3434",-3.95,-40.4667
"0CE3435",-3.95,-39.55
"0CE3436",-3.95,-39.4333
,-3.95,-38.5167
,-3.95,-38.8833
"0CE3439",-3.9453,-39.4111
"1MA3440",-3.9436,-44.0175
,-3.9333,-41.7167
"1MA3442",-3.9261,-43.5011
"0CE3443",-3.9167,-40.3833
"0CE3444",-3.9167,-40.8833
"0CE3445",-3.9167,-39.7
"0PI3446",-3.9033,-42.2294
,-3.9,-42.7167
,-3.9,-40.2667
"0CE3449",-3.9,-40.7667
"0CE3450",-3.9,-39
"0CE3451",-3.9,-38.5
"0CE3452",-3.9,-38.6667
"0CE3453",-3.9,-38.3833
"0CE3454",-3.9,-38.6333
,-3.8978,-61.3747
"4AM3456",-3.8967,-57.5042
"4PA3457",-3.8889,-54.315
"4AM3458",-3.8847,-59.0897
"4AM3459",-3.875,-63.7858
"4PA3460",-3.8706,-50.4628
,-3.8667,-38.75
"0CE3462",-3.85,-40.9167
,-3.8483,-41.0631
"4PA3464",-3.8336,-49.0858
,-3.8333,-40.6667
,-3.8333,-40.5
"0CE3467",-3.8333,-38.4667
"4AM3468",-3.8167,-58.2861
"0CE3469",-3.8167,-38.5333
,-3.8,-40.25
,-3.7833,-40.65
"0CE3472",-3.7833,-39.2667
"0CE3473",-3.7833,-38.4667
"4AM3474",-3.7728,-57.3031
"4MA3475",-3.7708,-45.2183
"4MA3476",-3.7667,-44.8333
"0CE3477",-3.7667,-40.8167
"0CE3478",-3.7667,-38.8833
"4PA3479",-3.7603,-49.6667
"4PA3480",-3.7533,-47.4969
,-3.75,-40.35
"0CE3482",-3.75,-40.3833
"0CE3483",-3.75,-40.5667
,-3.75,-39.0667
"0CE3485",-3.75,-39.6667
"0CE3486",-3.75,-38.6833
"0CE3487",-3.75,-38.5833
,-3.7333,-40.3833
"0CE3489",-3.7333,-40.6833
,-3.7333,-40.9833
"0CE3491",-3.7333,-39.75
"0PI3492",-3.7233,-41.9756
"4PA3493",-3.7231,-51.5681
,-3.7169,-40.0169
,-3.7167,-42.55
"0CE3496",-3.7167,-41.1667
"0CE3497",-3.7167,-40.3333
"1MA3498",-3.7064,-44.2872
,-3.7,-41.9833
"0CE3500",-3.7,-40.35
"0CE3501",-3.7,-40.35
"0CE3502",-3.6967,-40.34
,-3.6833,-40.5167
"0CE3504",-3.6833,-39.5833
"4PA3505",-3.6778,-53.5544
"0CE3506",-3.6739,-39.2417
"0CE3507",-3.67,-38.9817
"0CE3508",-3.6667,-40.2333
"0CE3509",-3.6667,-39.2667
"0CE3510",-3.6667,-39.35
"0CE3511",-3.6667,-39.5167
"4PA3512",-3.6664,-50.6328
"4MA3513",-3.6583,-45.4431
,-3.65,-42.1333
"0CE3515",-3.65,-40.45
"4AM3516",-3.6414,-66.1031
"0CE3517",-3.6333,-41.15
"1MA3518",-3.6325,-44.3764
"1MA3519",-3.6258,-43.1122
,-3.6167,-39.8167
"0CE3521",-3.6167,-39.5
"0CE3522",-3.6,-40.2667
,-3.6,-39.45
"4AM3524",-3.5903,-64.3069
,-3.5833,-40.55
"0CE3526",-3.5833,-38.9667
"4AM3527",-3.5811,-61.3783
"4AM3528",-3.5764,-59.1339
,-3.5731,-69.3708
"4MA3530",-3.5667,-44.5833
"0CE3531",-3.5667,-40.65
"0CE3532",-3.5667,-39.9667
"0CE3533",-3.5642,-41.0942
"1MA3534",-3.5536,-43.8736
"0CE3535",-3.55,-40.45
,-3.5436,-39.5828
"0CE3537",-3.5333,-40.3333
"4PA3538",-3.5181,-53.1406
,-3.5142,-49.2225
"0CE3540",-3.5,-41.0167
"0CE3541",-3.5,-39.5667
"4PA3542",-3.4936,-54.8869
,-3.4833,-41.5667
"0CE3544",-3.4747,-40.8283
,-3.4667,-42.3667
"0CE3546",-3.4667,-40.6833
"0CE3547",-3.4667,-40.2
"4PA3548",-3.4625,-47.4794
"0PI3549",-3.4622,-42.3733
"1MA3550",-3.46,-43.8994
"1MA3551",-3.4594,-43.8989
"4AM3552",-3.4569,-68.9119
,-3.4564,-63.3922
"4MA3554",-3.4244,-45.6694
"4PA3555",-3.4194,-51.2558
"4AM3556",-3.4183,-62.6786
"0CE3557",-3.4167,-40.5333
"0CE3558",-3.4167,-39.0333
"4MA3559",-3.4028,-45.0106
,-3.4006,-57.7156
"0CE3561",-3.4,-39.1667
"0CE3562",-3.3667,-40.7333
"1MA3563",-3.3647,-42.7239
,-3.3639,-39.8306
,-3.3633,-39.8294
,-3.35,-41.2667
,-3.35,-40.4667
,-3.35,-40.9833
"4MA3569",-3.3469,-46.8772
,-3.3372,-67.4889
,-3.3297,-61.2133
"0CE3572",-3.3167,-40.5667
"4AM3573",-3.3083,-60.6094
"4PA3574",-3.3078,-52.5419
"0CE3575",-3.2833,-39.25
"0CE3576",-3.25,-41.1333
"0CE3577",-3.25,-41.2333
,-3.25,-41.6333
"0CE3579",-3.2333,-40.8
"0CE3580",-3.2333,-40.1167
"0CE3581",-3.2333,-40.6833
,-3.2333,-39.6333
"4PA3583",-3.2281,-56.5861
"0CE3584",-3.2219,-40.4158
,-3.2142,-52.2131
,-3.2,-43.4
,-3.2,-39.9833
,-3.1833,-41.8667
"0CE3589",-3.1667,-40.4667
"4PA3590",-3.1544,-48.0858
"0CE3591",-3.15,-40.15
,-3.15,-39.4333
"0CE3593",-3.1333,-40.9
,-3.1333,-40.8333
"4AM3595",-3.1167,-59.95
,-3.1017,-67.9356
"4AM3597",-3.1,-59.9944
"4MA3598",-3.0847,-44.0836
"0CE3599",-3.0575,-40.1683
"1MA3600",-3.0439,-43.2367
,-3.0333,-41.2333
"0CE3602",-3.0333,-39.6667
"4PA3603",-3.0169,-49.75
"0CE3604",-3.0167,-41.1167
,-3.0167,-40.05
"4PA3606",-3.01,-47.3433
"0CE3607",-3,-40.5667
,-2.9897,-61.7292
,-2.9811,-65.9419
,-2.9708,-45.355
"4AM3611",-2.9703,-57.59
"4PA3612",-2.9542,-47.8369
"4MA3613",-2.9539,-45.6647
"4PA3614",-2.9503,-48.9669
,-2.9333,-40.1833
"0CE3616",-2.9333,-40.2667
"4AM3617",-2.9297,-69.6931
,-2.9167,-41.7833
"0CE3619",-2.9167,-40.4833
"0CE3620",-2.9167,-40.8333
"0CE3621",-2.9167,-39.9167
"4AM3622",-2.9131,-59.0433
,-2.9083,-60.6725
"1MA3624",-2.9022,-42.3131
"4AM3625",-2.8903,-66.9492
"4MA3626",-2.8833,-44.35
,-2.8833,-41.6667
"0CE3628",-2.8833,-40.1167
,-2.8806,-68.7986
"0CE3630",-2.8167,-40.2167
,-2.815,-54.2978
"4PA3632",-2.8044,-49.3778
"4AM3633",-2.7922,-57.0644
,-2.785,-50.4536
"4PA3635",-2.785,-49.6694
"4PA3636",-2.7836,-48.3597
,-2.7833,-40.5167
,-2.7717,-46.8025
"4AM3639",-2.75,-67.5667
"4MA3640",-2.7011,-44.8233
"4AM3641",-2.7003,-59.6997
"4PA3642",-2.6508,-55.7206
"4AM3643",-2.62,-60.9478
"4MA3644",-2.5903,-45.3653
"4PA3645",-2.5867,-51.9481
"4AM3646",-2.5378,-57.7581
"4MA3647",-2.5153,-45.0856
"4PA3648",-2.5128,-47.7681
"4MA3649",-2.5047,-45.7842
"4AM3650",-2.4556,-57.2825
"4PA3651",-2.4533,-50.9228
,-2.4497,-49.4383
"4PA3653",-2.4456,-48.5825
"4PA3654",-2.4431,-54.7075
"4PA3655",-2.4283,-48.1372
,-2.4283,-47.5142
,-2.35,-65.1167
"4PA3658",-2.3433,-47.8469
"4PA3659",-2.3364,-52.9186
"4AM3660",-2.2911,-58.5058
"4MA3661",-2.2739,-45.2711
,-2.2683,-55.4806
"4PA3663",-2.245,-51.1794
"4PA3664",-2.245,-50.6297
"4AM3665",-2.1897,-56.7106
"4PA3666",-2.1522,-56.0875
"4MA3667",-2.1294,-44.6069
,-2.1164,-66.4628
"4AM3669",-2.1144,-59.3353
,-2.0522,-45.9583
,-2.0417,-60.0258
,-2.0356,-47.7506
"4AM3673",-2.0247,-61.5414
"4PA3674",-2.0019,-49.8636
"4PA3675",-1.9917,-50.3686
,-1.9708,-48.2056
"4PA3677",-1.9706,-48.9339
"4PA3678",-1.9428,-54.7392
,-1.9328,-58.2558
,-1.9014,-55.5186
"4PA3681",-1.8975,-49.3817
"4PA3682",-1.8881,-55.1156
"4AM3683",-1.8872,-62.4367
,-1.8683,-57.0506
,-1.8611,-65.5906
"4MA3686",-1.8261,-44.8678
"4AM3687",-1.8211,-66.6
"4PA3688",-1.8175,-46.3439
"4PA3689",-1.8011,-53.48
"4PA3690",-1.7922,-51.4344
"4PA3691",-1.7917,-50.4347
"4PA3692",-1.7736,-54.3972
"4PA3693",-1.7597,-55.8614
"4PA3694",-1.7503,-48.8669
"4AM3695",-1.7333,-69.1167
"4PA3696",-1.7333,-52.2333
"4PA3697",-1.7331,-46.5989
"4AM3698",-1.7319,-67.5786
,-1.6775,-47.77
"4PA3700",-1.6672,-47.4964
,-1.6333,-67.6667
,-1.5825,-51.9178
,-1.5656,-48.7669
"4PA3704",-1.5517,-47.1172
"4PA3705",-1.5264,-52.5783
,-1.5211,-48.0461
"4PA3707",-1.5161,-46.9061
"4PA3708",-1.5,-54.8714
"4AM3709",-1.4589,-61.6331
"4MA3710",-1.4558,-45.7281
"4PA3711",-1.4556,-56.4025
"4PA3712",-1.435,-48.4378
,-1.3947,-69.4283
"4AM3714",-1.3944,-61.9792
"4PA3715",-1.3597,-47.5825
"4AM3716",-1.2989,-60.3997
"4PA3717",-1.2975,-47.9394
"4PA3718",-1.2964,-48.1708
"4PA3719",-1.2917,-46.5836
"4AM3720",-1.27,-66.1908
,-1.2314,-46.1878
"4PA3722",-1.2131,-51.2622
"4PA3723",-1.2111,-47.3864
"4PA3724",-1.2036,-47.1781
,-1.1789,-53.5994
"4PA3726",-1.1325,-47.6283
"4PA3727",-1.1303,-56.0533
,-1.1233,-51.9964
"4PA3729",-1.0942,-48.3986
"4PA3730",-1.0875,-57.0469
,-1.0819,-53.1575
"4PA3732",-1.0386,-47.9133
,-1.0158,-48.9597
"4PA3734",-0.9853,-49.9394
"4PA3735",-0.9294,-47.0994
"4RR3736",-0.8731,-61.9317
,-0.8681,-48.1103
"4PA3738",-0.7947,-51.6239
"4PA3739",-0.7944,-47.5997
,-0.7747,-47.1775
"4PA3741",-0.7375,-47.8536
"4PA3742",-0.6953,-57.9742
,-0.6336,-47.6583
"4PA3744",-0.6231,-47.3536
"4AM3745",-0.5983,-63.3978
"4AP3746",-0.5711,-52.575
"4RR3747",-0.5067,-61.7858
"4AP3748",-0.4567,-52.0775
"4AM3749",-0.4203,-65.0153
"4AP3750",-0.3992,-51.4203
"4AM3751",-0.3672,-62.7753
"4AM3752",-0.3444,-67.5358
"4AM3753",-0.2889,-66.1533
"4RR3754",-0.2275,-60.6908
"4AP3755",-0.1806,-51.7358
,-0.1656,-49.9786
"4AP3757",0.045,-51.1097
,0.13,-63.9606
,0.1314,-68.5406
"4AM3760",0.1428,-69.2133
"4AM3761",0.1758,-67.9458
"4AM3762",0.2275,-63.9883
,0.2517,-69.7844
"4AP3764",0.3033,-51.1267
"4AM3765",0.3711,-67.3136
"4AM3766",0.3875,-66.6492
,0.4325,-68.8328
,0.5081,-50.7483
"4RR3769",0.5178,-60.4661
"4AM3770",0.5878,-67.8064
"4AP3771",0.615,-51.765
"4RR3772",0.8069,-59.4283
"4AP3773",0.8731,-50.0522
"4AP3774",0.8803,-52.0094
,0.8842,-62.6222
"4RR3776",0.9333,-59.3167
"4RR3777",0.9578,-59.9139
"4AM3778",1.0742,-67.5933
,1.1264,-60.3994
"4AM3780",1.2147,-66.8522
"4PA3781",1.2203,-54.6561
"4AP3782",1.2261,-50.8972
,1.3381,-68.6853
"4AM3784",1.3889,-68.1536
,1.3978,-50.9236
"4RR3786",1.4608,-60.7675
"4AP3787",1.5803,-50.9028
"4RR3788",1.8214,-61.1236
,2.0544,-50.7886
,2.0547,-50.7836
,2.2253,-55.9492
"4RR3792",2.2628,-60.9728
"4AP3793",2.3083,-51.6381
"4RR3794",2.4133,-60.6728
"4RR3795",2.4189,-59.9183
"4RR3796",2.4714,-60.9178
,2.6983,-51.3614
"4RR3798",2.7606,-60.325
"4RR3799",2.8167,-60.65
"4RR3800",2.8358,-63.6417
"4RR3801",2.8708,-61.4406
"4AP3802",2.9578,-51.4231
"4RR3803",3.2078,-60.5711
"4RR3804",3.2872,-61.0883
"4RR3805",3.2906,-61.2881
"4RR3806",3.3783,-59.8156
"4RR3807",3.5497,-63.1692
"4RR3808",3.6319,-62.3989
"4RR3809",3.6608,-61.3839
,3.7592,-61.7181
"4AP3811",3.8436,-51.8375
"4RR3812",4.0031,-64.3247
"4RR3813",4.1667,-60.5289
,4.1961,-60.7939
"4RR3815",4.4517,-59.8589
,4.4803,-61.1517
,4.6428,-60.4964
